epoch,step,train_acc_epoch,train_auc_epoch,train_f1_epoch,train_loss_epoch,train_loss_step,train_prec_epoch,train_rec_epoch,val_acc,val_auc,val_f1,val_loss,val_prec,val_rec
0,99,,,,,0.6844103932380676,,,,,,,,
0,199,,,,,0.6968926191329956,,,,,,,,
0,299,,,,,0.5970122218132019,,,,,,,,
0,399,,,,,0.6825196743011475,,,,,,,,
0,499,,,,,0.663236141204834,,,,,,,,
0,599,,,,,0.6114152669906616,,,,,,,,
0,699,,,,,0.6517106294631958,,,,,,,,
0,799,,,,,0.6334035396575928,,,,,,,,
0,899,,,,,0.6650986671447754,,,,,,,,
0,999,,,,,0.5839316248893738,,,,,,,,
0,1099,,,,,0.641554594039917,,,,,,,,
0,1199,,,,,0.6464604139328003,,,,,,,,
0,1299,,,,,0.7016531229019165,,,,,,,,
0,1399,,,,,0.6721577048301697,,,,,,,,
0,1499,,,,,0.6648536920547485,,,,,,,,
0,1599,,,,,0.610543966293335,,,,,,,,
0,1699,,,,,0.6861273646354675,,,,,,,,
0,1799,,,,,0.5821965336799622,,,,,,,,
0,1899,,,,,0.6938683390617371,,,,,,,,
0,1999,,,,,0.6617447733879089,,,,,,,,
0,2099,,,,,0.6795840263366699,,,,,,,,
0,2199,,,,,0.6967413425445557,,,,,,,,
0,2299,,,,,0.6356878280639648,,,,,,,,
0,2399,,,,,0.7854864597320557,,,,,,,,
0,2499,,,,,0.6163172721862793,,,,,,,,
0,2599,,,,,0.5934629440307617,,,,,,,,
0,2699,,,,,0.6206368207931519,,,,,,,,
0,2799,,,,,0.6389142274856567,,,,,,,,
0,2899,,,,,0.913564145565033,,,,,,,,
0,2999,,,,,0.5696874856948853,,,,,,,,
0,3099,,,,,0.6971220970153809,,,,,,,,
0,3199,,,,,0.7289464473724365,,,,,,,,
0,3299,,,,,0.6526670455932617,,,,,,,,
0,3399,,,,,0.6124286651611328,,,,,,,,
0,3499,,,,,0.5498002171516418,,,,,,,,
0,3599,,,,,0.7072125673294067,,,,,,,,
0,3699,,,,,0.7182977199554443,,,,,,,,
0,3799,,,,,0.7255938649177551,,,,,,,,
0,3899,,,,,0.6465992331504822,,,,,,,,
0,3999,,,,,0.6326462626457214,,,,,,,,
0,4099,,,,,0.5936778783798218,,,,,,,,
0,4199,,,,,0.7968031167984009,,,,,,,,
0,4299,,,,,0.744581937789917,,,,,,,,
0,4399,,,,,0.5816017985343933,,,,,,,,
0,4499,,,,,0.5000633001327515,,,,,,,,
0,4599,,,,,0.7007853984832764,,,,,,,,
0,4699,,,,,0.7769034504890442,,,,,,,,
0,4799,,,,,0.6168058514595032,,,,,,,,
0,4899,,,,,0.795839250087738,,,,,,,,
0,4999,,,,,0.6270189881324768,,,,,,,,
0,5099,,,,,0.7037976980209351,,,,,,,,
0,5199,,,,,0.570711612701416,,,,,,,,
0,5299,,,,,0.5981924533843994,,,,,,,,
0,5399,,,,,0.6276729106903076,,,,,,,,
0,5499,,,,,0.643337607383728,,,,,,,,
0,5599,,,,,0.657434344291687,,,,,,,,
0,5699,,,,,0.673594057559967,,,,,,,,
0,5799,,,,,0.6617341041564941,,,,,,,,
0,5899,,,,,0.5703339576721191,,,,,,,,
0,5999,,,,,0.6611087322235107,,,,,,,,
0,6099,,,,,0.556972861289978,,,,,,,,
0,6199,,,,,0.6433202624320984,,,,,,,,
0,6299,,,,,0.6791689395904541,,,,,,,,
0,6399,,,,,0.6229155659675598,,,,,,,,
0,6499,,,,,0.5372235178947449,,,,,,,,
0,6599,,,,,0.6159144639968872,,,,,,,,
0,6699,,,,,0.6271547079086304,,,,,,,,
0,6799,,,,,0.5813064575195312,,,,,,,,
0,6899,,,,,0.607130229473114,,,,,,,,
0,6999,,,,,0.5588294863700867,,,,,,,,
0,7099,,,,,0.5961872339248657,,,,,,,,
0,7199,,,,,0.6173926591873169,,,,,,,,
0,7299,,,,,0.6865137815475464,,,,,,,,
0,7399,,,,,0.7784803509712219,,,,,,,,
0,7499,,,,,0.6873533129692078,,,,,,,,
0,7599,,,,,0.6516512036323547,,,,,,,,
0,7699,,,,,0.5883737802505493,,,,,,,,
0,7799,,,,,0.6663830280303955,,,,,,,,
0,7899,,,,,0.5967470407485962,,,,,,,,
0,7999,,,,,0.5745598077774048,,,,,,,,
0,8099,,,,,0.6715490818023682,,,,,,,,
0,8199,,,,,0.6742417216300964,,,,,,,,
0,8299,,,,,0.5875755548477173,,,,,,,,
0,8399,,,,,0.5636370778083801,,,,,,,,
0,8499,,,,,0.5527012348175049,,,,,,,,
0,8599,,,,,0.6008123159408569,,,,,,,,
0,8699,,,,,0.5700325965881348,,,,,,,,
0,8799,,,,,0.5551018714904785,,,,,,,,
0,8899,,,,,0.6731098890304565,,,,,,,,
0,8999,,,,,0.6052165031433105,,,,,,,,
0,9099,,,,,0.6031510829925537,,,,,,,,
0,9199,,,,,0.5822904109954834,,,,,,,,
0,9299,,,,,0.6644138693809509,,,,,,,,
0,9399,,,,,0.5620414614677429,,,,,,,,
0,9499,,,,,0.5769944190979004,,,,,,,,
0,9599,,,,,0.6178371906280518,,,,,,,,
0,9699,,,,,0.7341487407684326,,,,,,,,
0,9799,,,,,0.695216953754425,,,,,,,,
0,9899,,,,,0.6215062141418457,,,,,,,,
0,9999,,,,,0.5498753786087036,,,,,,,,
0,10099,,,,,0.6860482692718506,,,,,,,,
0,10199,,,,,0.6739492416381836,,,,,,,,
0,10299,,,,,0.6059463024139404,,,,,,,,
0,10399,,,,,0.5029597282409668,,,,,,,,
0,10499,,,,,0.5655855536460876,,,,,,,,
0,10599,,,,,0.6301008462905884,,,,,,,,
0,10699,,,,,0.5828430652618408,,,,,,,,
0,10799,,,,,0.6483391523361206,,,,,,,,
0,10899,,,,,0.520034670829773,,,,,,,,
0,10999,,,,,0.6767667531967163,,,,,,,,
0,11099,,,,,0.5446515679359436,,,,,,,,
0,11199,,,,,0.6414992809295654,,,,,,,,
0,11299,,,,,0.5106097459793091,,,,,,,,
0,11399,,,,,0.7403847575187683,,,,,,,,
0,11499,,,,,0.5487541556358337,,,,,,,,
0,11599,,,,,0.6213423013687134,,,,,,,,
0,11699,,,,,0.607889711856842,,,,,,,,
0,11799,,,,,0.49257519841194153,,,,,,,,
0,11899,,,,,0.6373799443244934,,,,,,,,
0,11999,,,,,0.547974169254303,,,,,,,,
0,12099,,,,,0.5660988092422485,,,,,,,,
0,12199,,,,,0.5203060507774353,,,,,,,,
0,12299,,,,,0.675089418888092,,,,,,,,
0,12399,,,,,0.6880958080291748,,,,,,,,
0,12499,,,,,0.6985738277435303,,,,,,,,
0,12599,,,,,0.6785187721252441,,,,,,,,
0,12699,,,,,0.6338367462158203,,,,,,,,
0,12799,,,,,0.6774828433990479,,,,,,,,
0,12899,,,,,0.5538351535797119,,,,,,,,
0,12999,,,,,0.7169373035430908,,,,,,,,
0,13099,,,,,0.6126409769058228,,,,,,,,
0,13199,,,,,0.6725906729698181,,,,,,,,
0,13299,,,,,0.4992970824241638,,,,,,,,
0,13399,,,,,0.5791319608688354,,,,,,,,
0,13499,,,,,0.5445808172225952,,,,,,,,
0,13599,,,,,0.5696183443069458,,,,,,,,
0,13699,,,,,0.5537048578262329,,,,,,,,
0,13799,,,,,0.586655855178833,,,,,,,,
0,13899,,,,,0.6000500917434692,,,,,,,,
0,13999,,,,,0.6484010815620422,,,,,,,,
0,14099,,,,,0.583279013633728,,,,,,,,
0,14199,,,,,0.5508811473846436,,,,,,,,
0,14299,,,,,0.6415271162986755,,,,,,,,
0,14399,,,,,0.5455036759376526,,,,,,,,
0,14499,,,,,0.49505069851875305,,,,,,,,
0,14599,,,,,0.5635843276977539,,,,,,,,
0,14699,,,,,0.5834058523178101,,,,,,,,
0,14799,,,,,0.6587111949920654,,,,,,,,
0,14899,,,,,0.569623589515686,,,,,,,,
0,14999,,,,,0.5287995338439941,,,,,,,,
0,15099,,,,,0.5492141842842102,,,,,,,,
0,15199,,,,,0.5167701244354248,,,,,,,,
0,15299,,,,,0.6535879969596863,,,,,,,,
0,15399,,,,,0.5938464403152466,,,,,,,,
0,15499,,,,,0.6452769041061401,,,,,,,,
0,15599,,,,,0.5197405815124512,,,,,,,,
0,15699,,,,,0.7160815000534058,,,,,,,,
0,15799,,,,,0.6302390098571777,,,,,,,,
0,15899,,,,,0.4993038773536682,,,,,,,,
0,15999,,,,,0.6214339137077332,,,,,,,,
0,16099,,,,,0.6417858004570007,,,,,,,,
0,16199,,,,,0.5322763919830322,,,,,,,,
0,16299,,,,,0.6088461875915527,,,,,,,,
0,16399,,,,,0.4310804009437561,,,,,,,,
0,16499,,,,,0.5240413546562195,,,,,,,,
0,16599,,,,,0.5687464475631714,,,,,,,,
0,16699,,,,,0.5985581278800964,,,,,,,,
0,16799,,,,,0.6031098365783691,,,,,,,,
0,16899,,,,,0.6438062191009521,,,,,,,,
0,16999,,,,,0.5162122845649719,,,,,,,,
0,17099,,,,,0.6333502531051636,,,,,,,,
0,17199,,,,,0.6518063545227051,,,,,,,,
0,17299,,,,,0.5027208924293518,,,,,,,,
0,17399,,,,,0.5421028733253479,,,,,,,,
0,17499,,,,,0.5030419230461121,,,,,,,,
0,17599,,,,,0.6737440228462219,,,,,,,,
0,17699,,,,,0.5516065359115601,,,,,,,,
0,17799,,,,,0.6456729173660278,,,,,,,,
0,17899,,,,,0.5812007188796997,,,,,,,,
0,17999,,,,,0.6127926111221313,,,,,,,,
0,18099,,,,,0.7048287391662598,,,,,,,,
0,18199,,,,,0.6027072668075562,,,,,,,,
0,18299,,,,,0.5253003835678101,,,,,,,,
0,18399,,,,,0.5895236134529114,,,,,,,,
0,18499,,,,,0.5988826751708984,,,,,,,,
0,18599,,,,,0.5228608250617981,,,,,,,,
0,18699,,,,,0.616181492805481,,,,,,,,
0,18799,,,,,0.5447092056274414,,,,,,,,
0,18899,,,,,0.6682296991348267,,,,,,,,
0,18999,,,,,0.6483359336853027,,,,,,,,
0,19099,,,,,0.6309463977813721,,,,,,,,
0,19199,,,,,0.5038300156593323,,,,,,,,
0,19299,,,,,0.4929608702659607,,,,,,,,
0,19399,,,,,0.5277671813964844,,,,,,,,
0,19499,,,,,0.6554327011108398,,,,,,,,
0,19599,,,,,0.70094233751297,,,,,,,,
0,19699,,,,,0.531317412853241,,,,,,,,
0,19799,,,,,0.6140711903572083,,,,,,,,
0,19899,,,,,0.5657328367233276,,,,,,,,
0,19999,,,,,0.6069635152816772,,,,,,,,
0,20099,,,,,0.5255041718482971,,,,,,,,
0,20199,,,,,0.47510409355163574,,,,,,,,
0,20299,,,,,0.6024736166000366,,,,,,,,
0,20399,,,,,0.5604263544082642,,,,,,,,
0,20499,,,,,0.6529832482337952,,,,,,,,
0,20599,,,,,0.7093426585197449,,,,,,,,
0,20699,,,,,0.75242018699646,,,,,,,,
0,20799,,,,,0.5741099119186401,,,,,,,,
0,20899,,,,,0.5269622802734375,,,,,,,,
0,20999,,,,,0.46271321177482605,,,,,,,,
0,21099,,,,,0.5407291054725647,,,,,,,,
0,21199,,,,,0.7413849234580994,,,,,,,,
0,21299,,,,,0.45661142468452454,,,,,,,,
0,21399,,,,,0.6167087554931641,,,,,,,,
0,21499,,,,,0.5316476821899414,,,,,,,,
0,21599,,,,,0.6414138078689575,,,,,,,,
0,21699,,,,,0.5859876871109009,,,,,,,,
0,21799,,,,,0.5635089874267578,,,,,,,,
0,21899,,,,,0.5166661739349365,,,,,,,,
0,21999,,,,,0.6674252152442932,,,,,,,,
0,22099,,,,,0.6647879481315613,,,,,,,,
0,22199,,,,,0.6198386549949646,,,,,,,,
0,22299,,,,,0.46932077407836914,,,,,,,,
0,22399,,,,,0.5333117246627808,,,,,,,,
0,22499,,,,,0.6205859184265137,,,,,,,,
0,22599,,,,,0.5174229145050049,,,,,,,,
0,22699,,,,,0.6352380514144897,,,,,,,,
0,22799,,,,,0.554796576499939,,,,,,,,
0,22899,,,,,0.5581974983215332,,,,,,,,
0,22999,,,,,0.577943742275238,,,,,,,,
0,23099,,,,,0.5867125988006592,,,,,,,,
0,23199,,,,,0.7084417939186096,,,,,,,,
0,23299,,,,,0.6486800312995911,,,,,,,,
0,23399,,,,,0.7061953544616699,,,,,,,,
0,23499,,,,,0.45107847452163696,,,,,,,,
0,23599,,,,,0.6386482119560242,,,,,,,,
0,23699,,,,,0.6026726961135864,,,,,,,,
0,23799,,,,,0.496615469455719,,,,,,,,
0,23899,,,,,0.6342294216156006,,,,,,,,
0,23999,,,,,0.5329222083091736,,,,,,,,
0,24099,,,,,0.5913187265396118,,,,,,,,
0,24199,,,,,0.6146859526634216,,,,,,,,
0,24299,,,,,0.5323963165283203,,,,,,,,
0,24399,,,,,0.6687434911727905,,,,,,,,
0,24499,,,,,0.5187363624572754,,,,,,,,
0,24599,,,,,0.5476315021514893,,,,,,,,
0,24699,,,,,0.5596310496330261,,,,,,,,
0,24799,,,,,0.536034882068634,,,,,,,,
0,24899,,,,,0.5733212828636169,,,,,,,,
0,24999,,,,,0.5747931003570557,,,,,,,,
0,25099,,,,,0.6498733758926392,,,,,,,,
0,25199,,,,,0.5591302514076233,,,,,,,,
0,25299,,,,,0.6141486763954163,,,,,,,,
0,25359,,,,,,,,0.752484142780304,0.8310304880142212,0.8141148090362549,0.4828113615512848,0.7673130035400391,0.8669967651367188
0,25359,0.6619725823402405,0.6796374917030334,0.7673407196998596,0.6081749796867371,,0.6718225479125977,0.8945217132568359,,,,,,
1,25399,,,,,0.4492259621620178,,,,,,,,
1,25499,,,,,0.623613715171814,,,,,,,,
1,25599,,,,,0.5738837122917175,,,,,,,,
1,25699,,,,,0.46101322770118713,,,,,,,,
1,25799,,,,,0.5821482539176941,,,,,,,,
1,25899,,,,,0.5299428105354309,,,,,,,,
1,25999,,,,,0.5794022679328918,,,,,,,,
1,26099,,,,,0.47985225915908813,,,,,,,,
1,26199,,,,,0.5087376832962036,,,,,,,,
1,26299,,,,,0.5523769855499268,,,,,,,,
1,26399,,,,,0.5601727962493896,,,,,,,,
1,26499,,,,,0.6199064254760742,,,,,,,,
1,26599,,,,,0.5290769934654236,,,,,,,,
1,26699,,,,,0.6167031526565552,,,,,,,,
1,26799,,,,,0.4717755913734436,,,,,,,,
1,26899,,,,,0.4659077525138855,,,,,,,,
1,26999,,,,,0.5885119438171387,,,,,,,,
1,27099,,,,,0.5866576433181763,,,,,,,,
1,27199,,,,,0.6255611777305603,,,,,,,,
1,27299,,,,,0.5898080468177795,,,,,,,,
1,27399,,,,,0.5815010666847229,,,,,,,,
1,27499,,,,,0.5216104984283447,,,,,,,,
1,27599,,,,,0.576401948928833,,,,,,,,
1,27699,,,,,0.5770716071128845,,,,,,,,
1,27799,,,,,0.5610567331314087,,,,,,,,
1,27899,,,,,0.5777804851531982,,,,,,,,
1,27999,,,,,0.5234460830688477,,,,,,,,
1,28099,,,,,0.5662994384765625,,,,,,,,
1,28199,,,,,0.5229062438011169,,,,,,,,
1,28299,,,,,0.47727301716804504,,,,,,,,
1,28399,,,,,0.6701382398605347,,,,,,,,
1,28499,,,,,0.5384368896484375,,,,,,,,
1,28599,,,,,0.6091611385345459,,,,,,,,
1,28699,,,,,0.4990667700767517,,,,,,,,
1,28799,,,,,0.5661654472351074,,,,,,,,
1,28899,,,,,0.7028874158859253,,,,,,,,
1,28999,,,,,0.5244525671005249,,,,,,,,
1,29099,,,,,0.5573251247406006,,,,,,,,
1,29199,,,,,0.6450634598731995,,,,,,,,
1,29299,,,,,0.4959079325199127,,,,,,,,
1,29399,,,,,0.5488377213478088,,,,,,,,
1,29499,,,,,0.6408372521400452,,,,,,,,
1,29599,,,,,0.5880507230758667,,,,,,,,
1,29699,,,,,0.35889744758605957,,,,,,,,
1,29799,,,,,0.6280527114868164,,,,,,,,
1,29899,,,,,0.5814296007156372,,,,,,,,
1,29999,,,,,0.5863064527511597,,,,,,,,
1,30099,,,,,0.5735028982162476,,,,,,,,
1,30199,,,,,0.5570077896118164,,,,,,,,
1,30299,,,,,0.5924694538116455,,,,,,,,
1,30399,,,,,0.5549733638763428,,,,,,,,
1,30499,,,,,0.4863071143627167,,,,,,,,
1,30599,,,,,0.5127767324447632,,,,,,,,
1,30699,,,,,0.6115556955337524,,,,,,,,
1,30799,,,,,0.547193169593811,,,,,,,,
1,30899,,,,,0.6049090623855591,,,,,,,,
1,30999,,,,,0.815365195274353,,,,,,,,
1,31099,,,,,0.5414479970932007,,,,,,,,
1,31199,,,,,0.42918965220451355,,,,,,,,
1,31299,,,,,0.5030521154403687,,,,,,,,
1,31399,,,,,0.4561191499233246,,,,,,,,
1,31499,,,,,0.6110466122627258,,,,,,,,
1,31599,,,,,0.5878410339355469,,,,,,,,
1,31699,,,,,0.4898782968521118,,,,,,,,
1,31799,,,,,0.5011351108551025,,,,,,,,
1,31899,,,,,0.6238977313041687,,,,,,,,
1,31999,,,,,0.6570519208908081,,,,,,,,
1,32099,,,,,0.5284367799758911,,,,,,,,
1,32199,,,,,0.5785877704620361,,,,,,,,
1,32299,,,,,0.4678269922733307,,,,,,,,
1,32399,,,,,0.6276859641075134,,,,,,,,
1,32499,,,,,0.533870279788971,,,,,,,,
1,32599,,,,,0.4551940858364105,,,,,,,,
1,32699,,,,,0.5147390365600586,,,,,,,,
1,32799,,,,,0.5188087224960327,,,,,,,,
1,32899,,,,,0.5773837566375732,,,,,,,,
1,32999,,,,,0.6133764982223511,,,,,,,,
1,33099,,,,,0.5653327703475952,,,,,,,,
1,33199,,,,,0.5760190486907959,,,,,,,,
1,33299,,,,,0.48539555072784424,,,,,,,,
1,33399,,,,,0.6043453812599182,,,,,,,,
1,33499,,,,,0.5855140089988708,,,,,,,,
1,33599,,,,,0.5729565620422363,,,,,,,,
1,33699,,,,,0.5230197906494141,,,,,,,,
1,33799,,,,,0.458459734916687,,,,,,,,
1,33899,,,,,0.6246700882911682,,,,,,,,
1,33999,,,,,0.5810766220092773,,,,,,,,
1,34099,,,,,0.5984315276145935,,,,,,,,
1,34199,,,,,0.5189517140388489,,,,,,,,
1,34299,,,,,0.5499855279922485,,,,,,,,
1,34399,,,,,0.5247231721878052,,,,,,,,
1,34499,,,,,0.5058878660202026,,,,,,,,
1,34599,,,,,0.5812975168228149,,,,,,,,
1,34699,,,,,0.4120914041996002,,,,,,,,
1,34799,,,,,0.4898177981376648,,,,,,,,
1,34899,,,,,0.49042701721191406,,,,,,,,
1,34999,,,,,0.6522451043128967,,,,,,,,
1,35099,,,,,0.46795397996902466,,,,,,,,
1,35199,,,,,0.5913345813751221,,,,,,,,
1,35299,,,,,0.6196608543395996,,,,,,,,
1,35399,,,,,0.49724793434143066,,,,,,,,
1,35499,,,,,0.42518365383148193,,,,,,,,
1,35599,,,,,0.6291226148605347,,,,,,,,
1,35699,,,,,0.5290448665618896,,,,,,,,
1,35799,,,,,0.5113199353218079,,,,,,,,
1,35899,,,,,0.48064038157463074,,,,,,,,
1,35999,,,,,0.5845266580581665,,,,,,,,
1,36099,,,,,0.6205769777297974,,,,,,,,
1,36199,,,,,0.5332396626472473,,,,,,,,
1,36299,,,,,0.43202781677246094,,,,,,,,
1,36399,,,,,0.5068988800048828,,,,,,,,
1,36499,,,,,0.5528423190116882,,,,,,,,
1,36599,,,,,0.6514618396759033,,,,,,,,
1,36699,,,,,0.565719723701477,,,,,,,,
1,36799,,,,,0.6006923317909241,,,,,,,,
1,36899,,,,,0.6491951942443848,,,,,,,,
1,36999,,,,,0.7192505598068237,,,,,,,,
1,37099,,,,,0.5085290670394897,,,,,,,,
1,37199,,,,,0.5330139398574829,,,,,,,,
1,37299,,,,,0.6911041736602783,,,,,,,,
1,37399,,,,,0.562645435333252,,,,,,,,
1,37499,,,,,0.6274123191833496,,,,,,,,
1,37599,,,,,0.6050447225570679,,,,,,,,
1,37699,,,,,0.448584645986557,,,,,,,,
1,37799,,,,,0.571385383605957,,,,,,,,
1,37899,,,,,0.6054376363754272,,,,,,,,
1,37999,,,,,0.639117419719696,,,,,,,,
1,38099,,,,,0.48506662249565125,,,,,,,,
1,38199,,,,,0.6194241046905518,,,,,,,,
1,38299,,,,,0.6772934794425964,,,,,,,,
1,38399,,,,,0.5300509929656982,,,,,,,,
1,38499,,,,,0.6320763230323792,,,,,,,,
1,38599,,,,,0.5344614386558533,,,,,,,,
1,38699,,,,,0.5460847616195679,,,,,,,,
1,38799,,,,,0.5931313037872314,,,,,,,,
1,38899,,,,,0.5754047632217407,,,,,,,,
1,38999,,,,,0.6163176894187927,,,,,,,,
1,39099,,,,,0.545711100101471,,,,,,,,
1,39199,,,,,0.48150327801704407,,,,,,,,
1,39299,,,,,0.6531850099563599,,,,,,,,
1,39399,,,,,0.6968414783477783,,,,,,,,
1,39499,,,,,0.40730148553848267,,,,,,,,
1,39599,,,,,0.47758278250694275,,,,,,,,
1,39699,,,,,0.5237466096878052,,,,,,,,
1,39799,,,,,0.588437557220459,,,,,,,,
1,39899,,,,,0.6001657247543335,,,,,,,,
1,39999,,,,,0.5119453072547913,,,,,,,,
1,40099,,,,,0.42547404766082764,,,,,,,,
1,40199,,,,,0.5911636352539062,,,,,,,,
1,40299,,,,,0.642436146736145,,,,,,,,
1,40399,,,,,0.5436621904373169,,,,,,,,
1,40499,,,,,0.4639514088630676,,,,,,,,
1,40599,,,,,0.5553169846534729,,,,,,,,
1,40699,,,,,0.4676052927970886,,,,,,,,
1,40799,,,,,0.49649643898010254,,,,,,,,
1,40899,,,,,0.4397086501121521,,,,,,,,
1,40999,,,,,0.45544934272766113,,,,,,,,
1,41099,,,,,0.6911025047302246,,,,,,,,
1,41199,,,,,0.7122104167938232,,,,,,,,
1,41299,,,,,0.7135387659072876,,,,,,,,
1,41399,,,,,0.6061797142028809,,,,,,,,
1,41499,,,,,0.6228772401809692,,,,,,,,
1,41599,,,,,0.5039940476417542,,,,,,,,
1,41699,,,,,0.4033346474170685,,,,,,,,
1,41799,,,,,0.5617667436599731,,,,,,,,
1,41899,,,,,0.6447733044624329,,,,,,,,
1,41999,,,,,0.6245504021644592,,,,,,,,
1,42099,,,,,0.684567928314209,,,,,,,,
1,42199,,,,,0.5921664237976074,,,,,,,,
1,42299,,,,,0.5816081762313843,,,,,,,,
1,42399,,,,,0.5945945978164673,,,,,,,,
1,42499,,,,,0.6041624546051025,,,,,,,,
1,42599,,,,,0.4337998330593109,,,,,,,,
1,42699,,,,,0.5281826257705688,,,,,,,,
1,42799,,,,,0.4543132185935974,,,,,,,,
1,42899,,,,,0.574108362197876,,,,,,,,
1,42999,,,,,0.6052841544151306,,,,,,,,
1,43099,,,,,0.497056245803833,,,,,,,,
1,43199,,,,,0.4522765874862671,,,,,,,,
1,43299,,,,,0.5017729997634888,,,,,,,,
1,43399,,,,,0.5221936702728271,,,,,,,,
1,43499,,,,,0.46972665190696716,,,,,,,,
1,43599,,,,,0.5522720813751221,,,,,,,,
1,43699,,,,,0.501562237739563,,,,,,,,
1,43799,,,,,0.5095754265785217,,,,,,,,
1,43899,,,,,0.5010358691215515,,,,,,,,
1,43999,,,,,0.7027605772018433,,,,,,,,
1,44099,,,,,0.5602361559867859,,,,,,,,
1,44199,,,,,0.6864132881164551,,,,,,,,
1,44299,,,,,0.5738406777381897,,,,,,,,
1,44399,,,,,0.5951405763626099,,,,,,,,
1,44499,,,,,0.4686223566532135,,,,,,,,
1,44599,,,,,0.4795747697353363,,,,,,,,
1,44699,,,,,0.552631676197052,,,,,,,,
1,44799,,,,,0.4765227437019348,,,,,,,,
1,44899,,,,,0.5508108735084534,,,,,,,,
1,44999,,,,,0.5479062795639038,,,,,,,,
1,45099,,,,,0.5252797603607178,,,,,,,,
1,45199,,,,,0.7369195222854614,,,,,,,,
1,45299,,,,,0.5206340551376343,,,,,,,,
1,45399,,,,,0.47998201847076416,,,,,,,,
1,45499,,,,,0.51589435338974,,,,,,,,
1,45599,,,,,0.5417569875717163,,,,,,,,
1,45699,,,,,0.409172385931015,,,,,,,,
1,45799,,,,,0.418545663356781,,,,,,,,
1,45899,,,,,0.6895694732666016,,,,,,,,
1,45999,,,,,0.6284340620040894,,,,,,,,
1,46099,,,,,0.47517651319503784,,,,,,,,
1,46199,,,,,0.5207478404045105,,,,,,,,
1,46299,,,,,0.46240609884262085,,,,,,,,
1,46399,,,,,0.5817127227783203,,,,,,,,
1,46499,,,,,0.5185990333557129,,,,,,,,
1,46599,,,,,0.4656912386417389,,,,,,,,
1,46699,,,,,0.5012497901916504,,,,,,,,
1,46799,,,,,0.5472288131713867,,,,,,,,
1,46899,,,,,0.47596046328544617,,,,,,,,
1,46999,,,,,0.5582737922668457,,,,,,,,
1,47099,,,,,0.5742532014846802,,,,,,,,
1,47199,,,,,0.5850852727890015,,,,,,,,
1,47299,,,,,0.5659128427505493,,,,,,,,
1,47399,,,,,0.42762458324432373,,,,,,,,
1,47499,,,,,0.4669293761253357,,,,,,,,
1,47599,,,,,0.6516395807266235,,,,,,,,
1,47699,,,,,0.4560334086418152,,,,,,,,
1,47799,,,,,0.5291906595230103,,,,,,,,
1,47899,,,,,0.4844757914543152,,,,,,,,
1,47999,,,,,0.4059979021549225,,,,,,,,
1,48099,,,,,0.6762242317199707,,,,,,,,
1,48199,,,,,0.5738045573234558,,,,,,,,
1,48299,,,,,0.45399951934814453,,,,,,,,
1,48399,,,,,0.546093225479126,,,,,,,,
1,48499,,,,,0.5343093276023865,,,,,,,,
1,48599,,,,,0.5975273847579956,,,,,,,,
1,48699,,,,,0.45027339458465576,,,,,,,,
1,48799,,,,,0.5091285705566406,,,,,,,,
1,48899,,,,,0.49908876419067383,,,,,,,,
1,48999,,,,,0.5419100522994995,,,,,,,,
1,49099,,,,,0.5013114213943481,,,,,,,,
1,49199,,,,,0.4002738296985626,,,,,,,,
1,49299,,,,,0.4929908514022827,,,,,,,,
1,49399,,,,,0.49245357513427734,,,,,,,,
1,49499,,,,,0.5155957937240601,,,,,,,,
1,49599,,,,,0.6867741942405701,,,,,,,,
1,49699,,,,,0.5574262142181396,,,,,,,,
1,49799,,,,,0.442402184009552,,,,,,,,
1,49899,,,,,0.5389787554740906,,,,,,,,
1,49999,,,,,0.4575265944004059,,,,,,,,
1,50099,,,,,0.7100641131401062,,,,,,,,
1,50199,,,,,0.4670119285583496,,,,,,,,
1,50299,,,,,0.488314151763916,,,,,,,,
1,50399,,,,,0.5968747138977051,,,,,,,,
1,50499,,,,,0.566046953201294,,,,,,,,
1,50599,,,,,0.5146644115447998,,,,,,,,
1,50699,,,,,0.6785136461257935,,,,,,,,
1,50719,,,,,,,,0.7836589813232422,0.8686932921409607,0.8359428644180298,0.43529456853866577,0.794745147228241,0.8816452622413635
1,50719,0.7038434147834778,0.7575162649154663,0.7837255001068115,0.552894115447998,,0.7191129326820374,0.8610951900482178,,,,,,
2,50799,,,,,0.4506775140762329,,,,,,,,
2,50899,,,,,0.4692314863204956,,,,,,,,
2,50999,,,,,0.5205345153808594,,,,,,,,
2,51099,,,,,0.6338546872138977,,,,,,,,
2,51199,,,,,0.7525202035903931,,,,,,,,
2,51299,,,,,0.503109872341156,,,,,,,,
2,51399,,,,,0.478772908449173,,,,,,,,
2,51499,,,,,0.4903508424758911,,,,,,,,
2,51599,,,,,0.5397321581840515,,,,,,,,
2,51699,,,,,0.5670329332351685,,,,,,,,
2,51799,,,,,0.5423529744148254,,,,,,,,
2,51899,,,,,0.5171268582344055,,,,,,,,
2,51999,,,,,0.562185525894165,,,,,,,,
2,52099,,,,,0.6071017384529114,,,,,,,,
2,52199,,,,,0.5246358513832092,,,,,,,,
2,52299,,,,,0.4833652675151825,,,,,,,,
2,52399,,,,,0.4781305193901062,,,,,,,,
2,52499,,,,,0.5201506614685059,,,,,,,,
2,52599,,,,,0.3757396936416626,,,,,,,,
2,52699,,,,,0.5120598077774048,,,,,,,,
2,52799,,,,,0.49152806401252747,,,,,,,,
2,52899,,,,,0.5880259871482849,,,,,,,,
2,52999,,,,,0.5588064789772034,,,,,,,,
2,53099,,,,,0.538862943649292,,,,,,,,
2,53199,,,,,0.4840817153453827,,,,,,,,
2,53299,,,,,0.5442938208580017,,,,,,,,
2,53399,,,,,0.6271539926528931,,,,,,,,
2,53499,,,,,0.6390899419784546,,,,,,,,
2,53599,,,,,0.5738710165023804,,,,,,,,
2,53699,,,,,0.462372362613678,,,,,,,,
2,53799,,,,,0.5176617503166199,,,,,,,,
2,53899,,,,,0.419933557510376,,,,,,,,
2,53999,,,,,0.5054302215576172,,,,,,,,
2,54099,,,,,0.4406849145889282,,,,,,,,
2,54199,,,,,0.46396467089653015,,,,,,,,
2,54299,,,,,0.6384381055831909,,,,,,,,
2,54399,,,,,0.5482598543167114,,,,,,,,
2,54499,,,,,0.633813738822937,,,,,,,,
2,54599,,,,,0.42151302099227905,,,,,,,,
2,54699,,,,,0.5438863039016724,,,,,,,,
2,54799,,,,,0.5155119895935059,,,,,,,,
2,54899,,,,,0.5107448101043701,,,,,,,,
2,54999,,,,,0.6396796703338623,,,,,,,,
2,55099,,,,,0.6117373108863831,,,,,,,,
2,55199,,,,,0.573235034942627,,,,,,,,
2,55299,,,,,0.4816616177558899,,,,,,,,
2,55399,,,,,0.5454447269439697,,,,,,,,
2,55499,,,,,0.6617496013641357,,,,,,,,
2,55599,,,,,0.6150426864624023,,,,,,,,
2,55699,,,,,0.4638506770133972,,,,,,,,
2,55799,,,,,0.6078749299049377,,,,,,,,
2,55899,,,,,0.47677677869796753,,,,,,,,
2,55999,,,,,0.484561026096344,,,,,,,,
2,56099,,,,,0.5441743731498718,,,,,,,,
2,56199,,,,,0.4938439726829529,,,,,,,,
2,56299,,,,,0.43151432275772095,,,,,,,,
2,56399,,,,,0.5884982347488403,,,,,,,,
2,56499,,,,,0.4909576177597046,,,,,,,,
2,56599,,,,,0.4163125157356262,,,,,,,,
2,56699,,,,,0.5682670474052429,,,,,,,,
2,56799,,,,,0.49325376749038696,,,,,,,,
2,56899,,,,,0.464687705039978,,,,,,,,
2,56999,,,,,0.5364344120025635,,,,,,,,
2,57099,,,,,0.5083376169204712,,,,,,,,
2,57199,,,,,0.4347981810569763,,,,,,,,
2,57299,,,,,0.4137392044067383,,,,,,,,
2,57399,,,,,0.5216859579086304,,,,,,,,
2,57499,,,,,0.6955400705337524,,,,,,,,
2,57599,,,,,0.5140610337257385,,,,,,,,
2,57699,,,,,0.5275331735610962,,,,,,,,
2,57799,,,,,0.5843357443809509,,,,,,,,
2,57899,,,,,0.49005216360092163,,,,,,,,
2,57999,,,,,0.5008856058120728,,,,,,,,
2,58099,,,,,0.6037278771400452,,,,,,,,
2,58199,,,,,0.6055010557174683,,,,,,,,
2,58299,,,,,0.45853129029273987,,,,,,,,
2,58399,,,,,0.6160770654678345,,,,,,,,
2,58499,,,,,0.5034077167510986,,,,,,,,
2,58599,,,,,0.8240300416946411,,,,,,,,
2,58699,,,,,0.5535503625869751,,,,,,,,
2,58799,,,,,0.5673038959503174,,,,,,,,
2,58899,,,,,0.49376893043518066,,,,,,,,
2,58999,,,,,0.607398509979248,,,,,,,,
2,59099,,,,,0.43227383494377136,,,,,,,,
2,59199,,,,,0.516648530960083,,,,,,,,
2,59299,,,,,0.7592065334320068,,,,,,,,
2,59399,,,,,0.5660216808319092,,,,,,,,
2,59499,,,,,0.6378058791160583,,,,,,,,
2,59599,,,,,0.5940325260162354,,,,,,,,
2,59699,,,,,0.5165443420410156,,,,,,,,
2,59799,,,,,0.5702240467071533,,,,,,,,
2,59899,,,,,0.5237843990325928,,,,,,,,
2,59999,,,,,0.5817129015922546,,,,,,,,
2,60099,,,,,0.5444994568824768,,,,,,,,
2,60199,,,,,0.6550172567367554,,,,,,,,
2,60299,,,,,0.5067622661590576,,,,,,,,
2,60399,,,,,0.48972612619400024,,,,,,,,
2,60499,,,,,0.3777713179588318,,,,,,,,
2,60599,,,,,0.5259288549423218,,,,,,,,
2,60699,,,,,0.5569806098937988,,,,,,,,
2,60799,,,,,0.5709258913993835,,,,,,,,
2,60899,,,,,0.42750245332717896,,,,,,,,
2,60999,,,,,0.5223362445831299,,,,,,,,
2,61099,,,,,0.4627290368080139,,,,,,,,
2,61199,,,,,0.648168683052063,,,,,,,,
2,61299,,,,,0.6743100881576538,,,,,,,,
2,61399,,,,,0.5880929231643677,,,,,,,,
2,61499,,,,,0.5315755605697632,,,,,,,,
2,61599,,,,,0.43667319416999817,,,,,,,,
2,61699,,,,,0.647532045841217,,,,,,,,
2,61799,,,,,0.49802425503730774,,,,,,,,
2,61899,,,,,0.5589735507965088,,,,,,,,
2,61999,,,,,0.572658896446228,,,,,,,,
2,62099,,,,,0.5375782251358032,,,,,,,,
2,62199,,,,,0.5072238445281982,,,,,,,,
2,62299,,,,,0.6273173093795776,,,,,,,,
2,62399,,,,,0.47681161761283875,,,,,,,,
2,62499,,,,,0.4246494770050049,,,,,,,,
2,62599,,,,,0.5910776257514954,,,,,,,,
2,62699,,,,,0.3692058026790619,,,,,,,,
2,62799,,,,,0.5130252838134766,,,,,,,,
2,62899,,,,,0.5519505143165588,,,,,,,,
2,62999,,,,,0.4117320775985718,,,,,,,,
2,63099,,,,,0.615046501159668,,,,,,,,
2,63199,,,,,0.5069209933280945,,,,,,,,
2,63299,,,,,0.5904480814933777,,,,,,,,
2,63399,,,,,0.5257079601287842,,,,,,,,
2,63499,,,,,0.35639578104019165,,,,,,,,
2,63599,,,,,0.4916422963142395,,,,,,,,
2,63699,,,,,0.5653594136238098,,,,,,,,
2,63799,,,,,0.4424884021282196,,,,,,,,
2,63899,,,,,0.5986707806587219,,,,,,,,
2,63999,,,,,0.5590428113937378,,,,,,,,
2,64099,,,,,0.42943358421325684,,,,,,,,
2,64199,,,,,0.5773576498031616,,,,,,,,
2,64299,,,,,0.515845775604248,,,,,,,,
2,64399,,,,,0.35622334480285645,,,,,,,,
2,64499,,,,,0.47945329546928406,,,,,,,,
2,64599,,,,,0.6011388301849365,,,,,,,,
2,64699,,,,,0.4380072355270386,,,,,,,,
2,64799,,,,,0.5509442090988159,,,,,,,,
2,64899,,,,,0.5202187299728394,,,,,,,,
2,64999,,,,,0.49639174342155457,,,,,,,,
2,65099,,,,,0.5543824434280396,,,,,,,,
2,65199,,,,,0.5483601093292236,,,,,,,,
2,65299,,,,,0.4624636173248291,,,,,,,,
2,65399,,,,,0.4611221253871918,,,,,,,,
2,65499,,,,,0.49085718393325806,,,,,,,,
2,65599,,,,,0.480538010597229,,,,,,,,
2,65699,,,,,0.603391170501709,,,,,,,,
2,65799,,,,,0.43652772903442383,,,,,,,,
2,65899,,,,,0.5148742198944092,,,,,,,,
2,65999,,,,,0.4161640405654907,,,,,,,,
2,66099,,,,,0.5174448490142822,,,,,,,,
2,66199,,,,,0.44065964221954346,,,,,,,,
2,66299,,,,,0.4136708974838257,,,,,,,,
2,66399,,,,,0.4587978720664978,,,,,,,,
2,66499,,,,,0.3949417471885681,,,,,,,,
2,66599,,,,,0.5105515718460083,,,,,,,,
2,66699,,,,,0.5312434434890747,,,,,,,,
2,66799,,,,,0.4347165822982788,,,,,,,,
2,66899,,,,,0.5658344626426697,,,,,,,,
2,66999,,,,,0.6375638246536255,,,,,,,,
2,67099,,,,,0.6549249887466431,,,,,,,,
2,67199,,,,,0.637782633304596,,,,,,,,
2,67299,,,,,0.5735341310501099,,,,,,,,
2,67399,,,,,0.4979378283023834,,,,,,,,
2,67499,,,,,0.5388232469558716,,,,,,,,
2,67599,,,,,0.513837456703186,,,,,,,,
2,67699,,,,,0.43973004817962646,,,,,,,,
2,67799,,,,,0.48935410380363464,,,,,,,,
2,67899,,,,,0.5541254281997681,,,,,,,,
2,67999,,,,,0.3969042897224426,,,,,,,,
2,68099,,,,,0.485387921333313,,,,,,,,
2,68199,,,,,0.6432012319564819,,,,,,,,
2,68299,,,,,0.45525580644607544,,,,,,,,
2,68399,,,,,0.5326665639877319,,,,,,,,
2,68499,,,,,0.5316051244735718,,,,,,,,
2,68599,,,,,0.4597325623035431,,,,,,,,
2,68699,,,,,0.5920975208282471,,,,,,,,
2,68799,,,,,0.5004420280456543,,,,,,,,
2,68899,,,,,0.6106855273246765,,,,,,,,
2,68999,,,,,0.4294149875640869,,,,,,,,
2,69099,,,,,0.41365066170692444,,,,,,,,
2,69199,,,,,0.4753492474555969,,,,,,,,
2,69299,,,,,0.5641666650772095,,,,,,,,
2,69399,,,,,0.4079965651035309,,,,,,,,
2,69499,,,,,0.6018668413162231,,,,,,,,
2,69599,,,,,0.4080541729927063,,,,,,,,
2,69699,,,,,0.489890992641449,,,,,,,,
2,69799,,,,,0.6008604764938354,,,,,,,,
2,69899,,,,,0.50934898853302,,,,,,,,
2,69999,,,,,0.6874446868896484,,,,,,,,
2,70099,,,,,0.5855791568756104,,,,,,,,
2,70199,,,,,0.598943293094635,,,,,,,,
2,70299,,,,,0.6845275163650513,,,,,,,,
2,70399,,,,,0.5934062004089355,,,,,,,,
2,70499,,,,,0.5201984643936157,,,,,,,,
2,70599,,,,,0.584456741809845,,,,,,,,
2,70699,,,,,0.6596777439117432,,,,,,,,
2,70799,,,,,0.4173455238342285,,,,,,,,
2,70899,,,,,0.5981181859970093,,,,,,,,
2,70999,,,,,0.5554249882698059,,,,,,,,
2,71099,,,,,0.4082528352737427,,,,,,,,
2,71199,,,,,0.5716010332107544,,,,,,,,
2,71299,,,,,0.4896888732910156,,,,,,,,
2,71399,,,,,0.5386568903923035,,,,,,,,
2,71499,,,,,0.6764090061187744,,,,,,,,
2,71599,,,,,0.5039810538291931,,,,,,,,
2,71699,,,,,0.45801496505737305,,,,,,,,
2,71799,,,,,0.519928514957428,,,,,,,,
2,71899,,,,,0.5406352281570435,,,,,,,,
2,71999,,,,,0.5944430828094482,,,,,,,,
2,72099,,,,,0.5634543299674988,,,,,,,,
2,72199,,,,,0.5131345391273499,,,,,,,,
2,72299,,,,,0.46183305978775024,,,,,,,,
2,72399,,,,,0.39939337968826294,,,,,,,,
2,72499,,,,,0.4297128915786743,,,,,,,,
2,72599,,,,,0.517903745174408,,,,,,,,
2,72699,,,,,0.4734537601470947,,,,,,,,
2,72799,,,,,0.5235031843185425,,,,,,,,
2,72899,,,,,0.4812019169330597,,,,,,,,
2,72999,,,,,0.5127129554748535,,,,,,,,
2,73099,,,,,0.42913079261779785,,,,,,,,
2,73199,,,,,0.524471640586853,,,,,,,,
2,73299,,,,,0.4673197269439697,,,,,,,,
2,73399,,,,,0.4643476605415344,,,,,,,,
2,73499,,,,,0.4746570289134979,,,,,,,,
2,73599,,,,,0.44065409898757935,,,,,,,,
2,73699,,,,,0.6669445037841797,,,,,,,,
2,73799,,,,,0.4987940788269043,,,,,,,,
2,73899,,,,,0.5075752139091492,,,,,,,,
2,73999,,,,,0.5802686214447021,,,,,,,,
2,74099,,,,,0.5683717131614685,,,,,,,,
2,74199,,,,,0.35994666814804077,,,,,,,,
2,74299,,,,,0.561434268951416,,,,,,,,
2,74399,,,,,0.45297813415527344,,,,,,,,
2,74499,,,,,0.6918157935142517,,,,,,,,
2,74599,,,,,0.5537318587303162,,,,,,,,
2,74699,,,,,0.5966682434082031,,,,,,,,
2,74799,,,,,0.6546823978424072,,,,,,,,
2,74899,,,,,0.5021278858184814,,,,,,,,
2,74999,,,,,0.5599938631057739,,,,,,,,
2,75099,,,,,0.5294479727745056,,,,,,,,
2,75199,,,,,0.5427452325820923,,,,,,,,
2,75299,,,,,0.5395675897598267,,,,,,,,
2,75399,,,,,0.5069490671157837,,,,,,,,
2,75499,,,,,0.5699560642242432,,,,,,,,
2,75599,,,,,0.48293906450271606,,,,,,,,
2,75699,,,,,0.5699928998947144,,,,,,,,
2,75799,,,,,0.5136332511901855,,,,,,,,
2,75899,,,,,0.5129492878913879,,,,,,,,
2,75999,,,,,0.6055673360824585,,,,,,,,
2,76079,,,,,,,,0.8054887652397156,0.8903236985206604,0.8491137623786926,0.39913874864578247,0.8243101835250854,0.8754562735557556
2,76079,0.7224788069725037,0.7859042286872864,0.793708324432373,0.5260807275772095,,0.7393195033073425,0.8567349314689636,,,,,,
3,76099,,,,,0.6669737100601196,,,,,,,,
3,76199,,,,,0.4757307171821594,,,,,,,,
3,76299,,,,,0.6718510389328003,,,,,,,,
3,76399,,,,,0.5904632806777954,,,,,,,,
3,76499,,,,,0.6486107707023621,,,,,,,,
3,76599,,,,,0.41716423630714417,,,,,,,,
3,76699,,,,,0.5360841155052185,,,,,,,,
3,76799,,,,,0.48332709074020386,,,,,,,,
3,76899,,,,,0.43612778186798096,,,,,,,,
3,76999,,,,,0.6344712376594543,,,,,,,,
3,77099,,,,,0.46479201316833496,,,,,,,,
3,77199,,,,,0.5594321489334106,,,,,,,,
3,77299,,,,,0.5407761335372925,,,,,,,,
3,77399,,,,,0.3933503031730652,,,,,,,,
3,77499,,,,,0.5436491966247559,,,,,,,,
3,77599,,,,,0.44780364632606506,,,,,,,,
3,77699,,,,,0.4797069728374481,,,,,,,,
3,77799,,,,,0.5260491967201233,,,,,,,,
3,77899,,,,,0.4627232551574707,,,,,,,,
3,77999,,,,,0.6964442729949951,,,,,,,,
3,78099,,,,,0.5398808717727661,,,,,,,,
3,78199,,,,,0.4013287425041199,,,,,,,,
3,78299,,,,,0.6066069006919861,,,,,,,,
3,78399,,,,,0.5176485776901245,,,,,,,,
3,78499,,,,,0.5013369917869568,,,,,,,,
3,78599,,,,,0.48736023902893066,,,,,,,,
3,78699,,,,,0.43808436393737793,,,,,,,,
3,78799,,,,,0.4475560784339905,,,,,,,,
3,78899,,,,,0.488399475812912,,,,,,,,
3,78999,,,,,0.4628286063671112,,,,,,,,
3,79099,,,,,0.49294257164001465,,,,,,,,
3,79199,,,,,0.34983310103416443,,,,,,,,
3,79299,,,,,0.45625174045562744,,,,,,,,
3,79399,,,,,0.5396236181259155,,,,,,,,
3,79499,,,,,0.41670992970466614,,,,,,,,
3,79599,,,,,0.49868395924568176,,,,,,,,
3,79699,,,,,0.5228821039199829,,,,,,,,
3,79799,,,,,0.48451876640319824,,,,,,,,
3,79899,,,,,0.5116487741470337,,,,,,,,
3,79999,,,,,0.4689689874649048,,,,,,,,
3,80099,,,,,0.4735372066497803,,,,,,,,
3,80199,,,,,0.4907197058200836,,,,,,,,
3,80299,,,,,0.36472177505493164,,,,,,,,
3,80399,,,,,0.4227962791919708,,,,,,,,
3,80499,,,,,0.4216389060020447,,,,,,,,
3,80599,,,,,0.6127317547798157,,,,,,,,
3,80699,,,,,0.536872386932373,,,,,,,,
3,80799,,,,,0.4992299973964691,,,,,,,,
3,80899,,,,,0.5810099840164185,,,,,,,,
3,80999,,,,,0.4872685968875885,,,,,,,,
3,81099,,,,,0.6001899242401123,,,,,,,,
3,81199,,,,,0.4148378074169159,,,,,,,,
3,81299,,,,,0.560158371925354,,,,,,,,
3,81399,,,,,0.47347092628479004,,,,,,,,
3,81499,,,,,0.47218549251556396,,,,,,,,
3,81599,,,,,0.577506959438324,,,,,,,,
3,81699,,,,,0.4326852858066559,,,,,,,,
3,81799,,,,,0.578028678894043,,,,,,,,
3,81899,,,,,0.4234073758125305,,,,,,,,
3,81999,,,,,0.5445762872695923,,,,,,,,
3,82099,,,,,0.5030149221420288,,,,,,,,
3,82199,,,,,0.5284317135810852,,,,,,,,
3,82299,,,,,0.45501694083213806,,,,,,,,
3,82399,,,,,0.6667628288269043,,,,,,,,
3,82499,,,,,0.4139048159122467,,,,,,,,
3,82599,,,,,0.4029250741004944,,,,,,,,
3,82699,,,,,0.4774475693702698,,,,,,,,
3,82799,,,,,0.45115166902542114,,,,,,,,
3,82899,,,,,0.5533215999603271,,,,,,,,
3,82999,,,,,0.5111973285675049,,,,,,,,
3,83099,,,,,0.44034475088119507,,,,,,,,
3,83199,,,,,0.5942713022232056,,,,,,,,
3,83299,,,,,0.5911635160446167,,,,,,,,
3,83399,,,,,0.6849745512008667,,,,,,,,
3,83499,,,,,0.45242470502853394,,,,,,,,
3,83599,,,,,0.46142587065696716,,,,,,,,
3,83699,,,,,0.5561447143554688,,,,,,,,
3,83799,,,,,0.5418211221694946,,,,,,,,
3,83899,,,,,0.5111028552055359,,,,,,,,
3,83999,,,,,0.48891204595565796,,,,,,,,
3,84099,,,,,0.4498414993286133,,,,,,,,
3,84199,,,,,0.600766658782959,,,,,,,,
3,84299,,,,,0.42001599073410034,,,,,,,,
3,84399,,,,,0.4356154203414917,,,,,,,,
3,84499,,,,,0.5618458986282349,,,,,,,,
3,84599,,,,,0.4860105812549591,,,,,,,,
3,84699,,,,,0.38265734910964966,,,,,,,,
3,84799,,,,,0.5461626052856445,,,,,,,,
3,84899,,,,,0.4979950189590454,,,,,,,,
3,84999,,,,,0.45803239941596985,,,,,,,,
3,85099,,,,,0.5718251466751099,,,,,,,,
3,85199,,,,,0.6129298210144043,,,,,,,,
3,85299,,,,,0.5510116815567017,,,,,,,,
3,85399,,,,,0.6008968353271484,,,,,,,,
3,85499,,,,,0.5554598569869995,,,,,,,,
3,85599,,,,,0.4458616077899933,,,,,,,,
3,85699,,,,,0.5160576105117798,,,,,,,,
3,85799,,,,,0.5763043165206909,,,,,,,,
3,85899,,,,,0.5154495239257812,,,,,,,,
3,85999,,,,,0.5448551774024963,,,,,,,,
3,86099,,,,,0.5757572054862976,,,,,,,,
3,86199,,,,,0.4128504693508148,,,,,,,,
3,86299,,,,,0.4729336202144623,,,,,,,,
3,86399,,,,,0.39616018533706665,,,,,,,,
3,86499,,,,,0.44861742854118347,,,,,,,,
3,86599,,,,,0.41566669940948486,,,,,,,,
3,86699,,,,,0.6665672063827515,,,,,,,,
3,86799,,,,,0.5747740864753723,,,,,,,,
3,86899,,,,,0.47593551874160767,,,,,,,,
3,86999,,,,,0.6456252336502075,,,,,,,,
3,87099,,,,,0.5245168209075928,,,,,,,,
3,87199,,,,,0.4520704746246338,,,,,,,,
3,87299,,,,,0.4809848666191101,,,,,,,,
3,87399,,,,,0.49743402004241943,,,,,,,,
3,87499,,,,,0.45885783433914185,,,,,,,,
3,87599,,,,,0.49976709485054016,,,,,,,,
3,87699,,,,,0.5389072895050049,,,,,,,,
3,87799,,,,,0.564428448677063,,,,,,,,
3,87899,,,,,0.5263651013374329,,,,,,,,
3,87999,,,,,0.5100066661834717,,,,,,,,
3,88099,,,,,0.5655679106712341,,,,,,,,
3,88199,,,,,0.5995879173278809,,,,,,,,
3,88299,,,,,0.5173705220222473,,,,,,,,
3,88399,,,,,0.2962413728237152,,,,,,,,
3,88499,,,,,0.5419594049453735,,,,,,,,
3,88599,,,,,0.40253129601478577,,,,,,,,
3,88699,,,,,0.4172763228416443,,,,,,,,
3,88799,,,,,0.5552605986595154,,,,,,,,
3,88899,,,,,0.346866250038147,,,,,,,,
3,88999,,,,,0.5246890187263489,,,,,,,,
3,89099,,,,,0.35188043117523193,,,,,,,,
3,89199,,,,,0.5626400113105774,,,,,,,,
3,89299,,,,,0.36503300070762634,,,,,,,,
3,89399,,,,,0.5289645195007324,,,,,,,,
3,89499,,,,,0.5128564834594727,,,,,,,,
3,89599,,,,,0.5844049453735352,,,,,,,,
3,89699,,,,,0.5836158990859985,,,,,,,,
3,89799,,,,,0.381368488073349,,,,,,,,
3,89899,,,,,0.6745457053184509,,,,,,,,
3,89999,,,,,0.5238804817199707,,,,,,,,
3,90099,,,,,0.37394222617149353,,,,,,,,
3,90199,,,,,0.4598504602909088,,,,,,,,
3,90299,,,,,0.4407714009284973,,,,,,,,
3,90399,,,,,0.4558020532131195,,,,,,,,
3,90499,,,,,0.47032949328422546,,,,,,,,
3,90599,,,,,0.5193118453025818,,,,,,,,
3,90699,,,,,0.39986157417297363,,,,,,,,
3,90799,,,,,0.533716082572937,,,,,,,,
3,90899,,,,,0.4598572850227356,,,,,,,,
3,90999,,,,,0.434183269739151,,,,,,,,
3,91099,,,,,0.47078603506088257,,,,,,,,
3,91199,,,,,0.47457921504974365,,,,,,,,
3,91299,,,,,0.5110104084014893,,,,,,,,
3,91399,,,,,0.5357200503349304,,,,,,,,
3,91499,,,,,0.5128031373023987,,,,,,,,
3,91599,,,,,0.6544135212898254,,,,,,,,
3,91699,,,,,0.5028963088989258,,,,,,,,
3,91799,,,,,0.49838849902153015,,,,,,,,
3,91899,,,,,0.4503878951072693,,,,,,,,
3,91999,,,,,0.4790213406085968,,,,,,,,
3,92099,,,,,0.4255891740322113,,,,,,,,
3,92199,,,,,0.4484263062477112,,,,,,,,
3,92299,,,,,0.6446382403373718,,,,,,,,
3,92399,,,,,0.42647188901901245,,,,,,,,
3,92499,,,,,0.5378017425537109,,,,,,,,
3,92599,,,,,0.394253671169281,,,,,,,,
3,92699,,,,,0.5012121796607971,,,,,,,,
3,92799,,,,,0.4688760042190552,,,,,,,,
3,92899,,,,,0.4581661522388458,,,,,,,,
3,92999,,,,,0.5219593048095703,,,,,,,,
3,93099,,,,,0.546992301940918,,,,,,,,
3,93199,,,,,0.49388375878334045,,,,,,,,
3,93299,,,,,0.5965486764907837,,,,,,,,
3,93399,,,,,0.5542643070220947,,,,,,,,
3,93499,,,,,0.4287125766277313,,,,,,,,
3,93599,,,,,0.466906875371933,,,,,,,,
3,93699,,,,,0.5929057598114014,,,,,,,,
3,93799,,,,,0.5851941108703613,,,,,,,,
3,93899,,,,,0.3124130964279175,,,,,,,,
3,93999,,,,,0.4528888463973999,,,,,,,,
3,94099,,,,,0.5068669319152832,,,,,,,,
3,94199,,,,,0.4761510193347931,,,,,,,,
3,94299,,,,,0.4696383774280548,,,,,,,,
3,94399,,,,,0.5413719415664673,,,,,,,,
3,94499,,,,,0.412081778049469,,,,,,,,
3,94599,,,,,0.4148324131965637,,,,,,,,
3,94699,,,,,0.4442029893398285,,,,,,,,
3,94799,,,,,0.43218231201171875,,,,,,,,
3,94899,,,,,0.48630499839782715,,,,,,,,
3,94999,,,,,0.6505671739578247,,,,,,,,
3,95099,,,,,0.29335665702819824,,,,,,,,
3,95199,,,,,0.5085203647613525,,,,,,,,
3,95299,,,,,0.5338956117630005,,,,,,,,
3,95399,,,,,0.5133480429649353,,,,,,,,
3,95499,,,,,0.42348724603652954,,,,,,,,
3,95599,,,,,0.507124662399292,,,,,,,,
3,95699,,,,,0.4396957755088806,,,,,,,,
3,95799,,,,,0.3992401361465454,,,,,,,,
3,95899,,,,,0.5170103311538696,,,,,,,,
3,95999,,,,,0.4787101447582245,,,,,,,,
3,96099,,,,,0.5268054008483887,,,,,,,,
3,96199,,,,,0.4065036177635193,,,,,,,,
3,96299,,,,,0.5101867318153381,,,,,,,,
3,96399,,,,,0.7091966271400452,,,,,,,,
3,96499,,,,,0.5422831773757935,,,,,,,,
3,96599,,,,,0.5149366855621338,,,,,,,,
3,96699,,,,,0.6057106852531433,,,,,,,,
3,96799,,,,,0.4858286380767822,,,,,,,,
3,96899,,,,,0.524201512336731,,,,,,,,
3,96999,,,,,0.4394403398036957,,,,,,,,
3,97099,,,,,0.4573396146297455,,,,,,,,
3,97199,,,,,0.3924807608127594,,,,,,,,
3,97299,,,,,0.559579610824585,,,,,,,,
3,97399,,,,,0.455567330121994,,,,,,,,
3,97499,,,,,0.35435426235198975,,,,,,,,
3,97599,,,,,0.5087366700172424,,,,,,,,
3,97699,,,,,0.6092243790626526,,,,,,,,
3,97799,,,,,0.5552542209625244,,,,,,,,
3,97899,,,,,0.5145536661148071,,,,,,,,
3,97999,,,,,0.3794150948524475,,,,,,,,
3,98099,,,,,0.5258078575134277,,,,,,,,
3,98199,,,,,0.5216959714889526,,,,,,,,
3,98299,,,,,0.6212206482887268,,,,,,,,
3,98399,,,,,0.49555572867393494,,,,,,,,
3,98499,,,,,0.4438311457633972,,,,,,,,
3,98599,,,,,0.4337480068206787,,,,,,,,
3,98699,,,,,0.443805456161499,,,,,,,,
3,98799,,,,,0.38550975918769836,,,,,,,,
3,98899,,,,,0.49844786524772644,,,,,,,,
3,98999,,,,,0.47045639157295227,,,,,,,,
3,99099,,,,,0.7914496064186096,,,,,,,,
3,99199,,,,,0.6237457990646362,,,,,,,,
3,99299,,,,,0.590826153755188,,,,,,,,
3,99399,,,,,0.42459914088249207,,,,,,,,
3,99499,,,,,0.6197716593742371,,,,,,,,
3,99599,,,,,0.49370887875556946,,,,,,,,
3,99699,,,,,0.683001697063446,,,,,,,,
3,99799,,,,,0.6220439672470093,,,,,,,,
3,99899,,,,,0.6922473907470703,,,,,,,,
3,99999,,,,,0.49516814947128296,,,,,,,,
3,100099,,,,,0.4859476387500763,,,,,,,,
3,100199,,,,,0.472210168838501,,,,,,,,
3,100299,,,,,0.41669923067092896,,,,,,,,
3,100399,,,,,0.5112240314483643,,,,,,,,
3,100499,,,,,0.5761408805847168,,,,,,,,
3,100599,,,,,0.3878670334815979,,,,,,,,
3,100699,,,,,0.5344641804695129,,,,,,,,
3,100799,,,,,0.576991617679596,,,,,,,,
3,100899,,,,,0.5998334288597107,,,,,,,,
3,100999,,,,,0.40220215916633606,,,,,,,,
3,101099,,,,,0.5110713243484497,,,,,,,,
3,101199,,,,,0.46936410665512085,,,,,,,,
3,101299,,,,,0.335463285446167,,,,,,,,
3,101399,,,,,0.5241786241531372,,,,,,,,
3,101439,,,,,,,,0.8255490660667419,0.909130334854126,0.864302396774292,0.3644317090511322,0.8412355780601501,0.8886699080467224
3,101439,0.7362184524536133,0.8047792315483093,0.8019609451293945,0.5064747929573059,,0.7535082697868347,0.8570730686187744,,,,,,
4,101499,,,,,0.47417697310447693,,,,,,,,
4,101599,,,,,0.5959326028823853,,,,,,,,
4,101699,,,,,0.5464368462562561,,,,,,,,
4,101799,,,,,0.5622637271881104,,,,,,,,
4,101899,,,,,0.5147558450698853,,,,,,,,
4,101999,,,,,0.5309642553329468,,,,,,,,
4,102099,,,,,0.43894901871681213,,,,,,,,
4,102199,,,,,0.49826279282569885,,,,,,,,
4,102299,,,,,0.482464075088501,,,,,,,,
4,102399,,,,,0.42591291666030884,,,,,,,,
4,102499,,,,,0.6070045232772827,,,,,,,,
4,102599,,,,,0.5083496570587158,,,,,,,,
4,102699,,,,,0.5385560989379883,,,,,,,,
4,102799,,,,,0.39903321862220764,,,,,,,,
4,102899,,,,,0.5911391973495483,,,,,,,,
4,102999,,,,,0.5429062843322754,,,,,,,,
4,103099,,,,,0.45395734906196594,,,,,,,,
4,103199,,,,,0.522919774055481,,,,,,,,
4,103299,,,,,0.5215405225753784,,,,,,,,
4,103399,,,,,0.45186924934387207,,,,,,,,
4,103499,,,,,0.5695065259933472,,,,,,,,
4,103599,,,,,0.4738572835922241,,,,,,,,
4,103699,,,,,0.4397691488265991,,,,,,,,
4,103799,,,,,0.5607776641845703,,,,,,,,
4,103899,,,,,0.413720965385437,,,,,,,,
4,103999,,,,,0.5118467807769775,,,,,,,,
4,104099,,,,,0.40422534942626953,,,,,,,,
4,104199,,,,,0.4844113290309906,,,,,,,,
4,104299,,,,,0.49672508239746094,,,,,,,,
4,104399,,,,,0.4275098443031311,,,,,,,,
4,104499,,,,,0.4767929017543793,,,,,,,,
4,104599,,,,,0.6327359080314636,,,,,,,,
4,104699,,,,,0.5164399743080139,,,,,,,,
4,104799,,,,,0.5703903436660767,,,,,,,,
4,104899,,,,,0.39877089858055115,,,,,,,,
4,104999,,,,,0.4794577956199646,,,,,,,,
4,105099,,,,,0.38542479276657104,,,,,,,,
4,105199,,,,,0.5377463102340698,,,,,,,,
4,105299,,,,,0.5043529272079468,,,,,,,,
4,105399,,,,,0.3733941912651062,,,,,,,,
4,105499,,,,,0.45648181438446045,,,,,,,,
4,105599,,,,,0.5150641202926636,,,,,,,,
4,105699,,,,,0.4568236470222473,,,,,,,,
4,105799,,,,,0.3339589834213257,,,,,,,,
4,105899,,,,,0.4787611961364746,,,,,,,,
4,105999,,,,,0.5888380408287048,,,,,,,,
4,106099,,,,,0.49209633469581604,,,,,,,,
4,106199,,,,,0.4828513264656067,,,,,,,,
4,106299,,,,,0.5068110227584839,,,,,,,,
4,106399,,,,,0.36414825916290283,,,,,,,,
4,106499,,,,,0.49391430616378784,,,,,,,,
4,106599,,,,,0.4077068567276001,,,,,,,,
4,106699,,,,,0.4886419177055359,,,,,,,,
4,106799,,,,,0.4377630352973938,,,,,,,,
4,106899,,,,,0.7407398223876953,,,,,,,,
4,106999,,,,,0.6642365455627441,,,,,,,,
4,107099,,,,,0.41518914699554443,,,,,,,,
4,107199,,,,,0.35502368211746216,,,,,,,,
4,107299,,,,,0.44163739681243896,,,,,,,,
4,107399,,,,,0.4759277403354645,,,,,,,,
4,107499,,,,,0.5649303197860718,,,,,,,,
4,107599,,,,,0.5085663795471191,,,,,,,,
4,107699,,,,,0.4876890778541565,,,,,,,,
4,107799,,,,,0.30733412504196167,,,,,,,,
4,107899,,,,,0.39942169189453125,,,,,,,,
4,107999,,,,,0.4024839401245117,,,,,,,,
4,108099,,,,,0.5057394504547119,,,,,,,,
4,108199,,,,,0.5395981669425964,,,,,,,,
4,108299,,,,,0.4117095470428467,,,,,,,,
4,108399,,,,,0.5298092365264893,,,,,,,,
4,108499,,,,,0.40317302942276,,,,,,,,
4,108599,,,,,0.47259455919265747,,,,,,,,
4,108699,,,,,0.6054660081863403,,,,,,,,
4,108799,,,,,0.559026300907135,,,,,,,,
4,108899,,,,,0.5808308124542236,,,,,,,,
4,108999,,,,,0.5626857280731201,,,,,,,,
4,109099,,,,,0.48631417751312256,,,,,,,,
4,109199,,,,,0.4377315938472748,,,,,,,,
4,109299,,,,,0.331001341342926,,,,,,,,
4,109399,,,,,0.4178351163864136,,,,,,,,
4,109499,,,,,0.4213072657585144,,,,,,,,
4,109599,,,,,0.4635370373725891,,,,,,,,
4,109699,,,,,0.4855726659297943,,,,,,,,
4,109799,,,,,0.4872865080833435,,,,,,,,
4,109899,,,,,0.3429252505302429,,,,,,,,
4,109999,,,,,0.5969182252883911,,,,,,,,
4,110099,,,,,0.586402952671051,,,,,,,,
4,110199,,,,,0.5757160782814026,,,,,,,,
4,110299,,,,,0.4485788643360138,,,,,,,,
4,110399,,,,,0.43693095445632935,,,,,,,,
4,110499,,,,,0.7852720618247986,,,,,,,,
4,110599,,,,,0.4376676380634308,,,,,,,,
4,110699,,,,,0.38718685507774353,,,,,,,,
4,110799,,,,,0.6675001382827759,,,,,,,,
4,110899,,,,,0.5140774250030518,,,,,,,,
4,110999,,,,,0.5563090443611145,,,,,,,,
4,111099,,,,,0.569057822227478,,,,,,,,
4,111199,,,,,0.4959558844566345,,,,,,,,
4,111299,,,,,0.47053688764572144,,,,,,,,
4,111399,,,,,0.5373349189758301,,,,,,,,
4,111499,,,,,0.4943559467792511,,,,,,,,
4,111599,,,,,0.4430531859397888,,,,,,,,
4,111699,,,,,0.45254218578338623,,,,,,,,
4,111799,,,,,0.3824237287044525,,,,,,,,
4,111899,,,,,0.38232141733169556,,,,,,,,
4,111999,,,,,0.5006109476089478,,,,,,,,
4,112099,,,,,0.5415309071540833,,,,,,,,
4,112199,,,,,0.3593573570251465,,,,,,,,
4,112299,,,,,0.4995250999927521,,,,,,,,
4,112399,,,,,0.4314197897911072,,,,,,,,
4,112499,,,,,0.5025224685668945,,,,,,,,
4,112599,,,,,0.47414398193359375,,,,,,,,
4,112699,,,,,0.4738514721393585,,,,,,,,
4,112799,,,,,0.3837270736694336,,,,,,,,
4,112899,,,,,0.5315837860107422,,,,,,,,
4,112999,,,,,0.5836005806922913,,,,,,,,
4,113099,,,,,0.5248355269432068,,,,,,,,
4,113199,,,,,0.37760281562805176,,,,,,,,
4,113299,,,,,0.6047029495239258,,,,,,,,
4,113399,,,,,0.6012743711471558,,,,,,,,
4,113499,,,,,0.537871778011322,,,,,,,,
4,113599,,,,,0.4321037828922272,,,,,,,,
4,113699,,,,,0.6139184236526489,,,,,,,,
4,113799,,,,,0.5258501768112183,,,,,,,,
4,113899,,,,,0.48586198687553406,,,,,,,,
4,113999,,,,,0.49736258387565613,,,,,,,,
4,114099,,,,,0.4373374581336975,,,,,,,,
4,114199,,,,,0.4040803909301758,,,,,,,,
4,114299,,,,,0.5673635005950928,,,,,,,,
4,114399,,,,,0.6024374961853027,,,,,,,,
4,114499,,,,,0.5455108880996704,,,,,,,,
4,114599,,,,,0.6095882654190063,,,,,,,,
4,114699,,,,,0.5377002358436584,,,,,,,,
4,114799,,,,,0.3313823342323303,,,,,,,,
4,114899,,,,,0.5050027370452881,,,,,,,,
4,114999,,,,,0.4547822177410126,,,,,,,,
4,115099,,,,,0.5012551546096802,,,,,,,,
4,115199,,,,,0.4279911518096924,,,,,,,,
4,115299,,,,,0.5805107355117798,,,,,,,,
4,115399,,,,,0.4223860800266266,,,,,,,,
4,115499,,,,,0.41444480419158936,,,,,,,,
4,115599,,,,,0.47916164994239807,,,,,,,,
4,115699,,,,,0.5907522439956665,,,,,,,,
4,115799,,,,,0.47228097915649414,,,,,,,,
4,115899,,,,,0.4205589294433594,,,,,,,,
4,115999,,,,,0.4486183822154999,,,,,,,,
4,116099,,,,,0.45433735847473145,,,,,,,,
4,116199,,,,,0.45044946670532227,,,,,,,,
4,116299,,,,,0.583336353302002,,,,,,,,
4,116399,,,,,0.5143929719924927,,,,,,,,
4,116499,,,,,0.5242569446563721,,,,,,,,
4,116599,,,,,0.4848891496658325,,,,,,,,
4,116699,,,,,0.54088294506073,,,,,,,,
4,116799,,,,,0.5057183504104614,,,,,,,,
4,116899,,,,,0.5453834533691406,,,,,,,,
4,116999,,,,,0.5596063733100891,,,,,,,,
4,117099,,,,,0.5141910314559937,,,,,,,,
4,117199,,,,,0.5130264759063721,,,,,,,,
4,117299,,,,,0.5191289186477661,,,,,,,,
4,117399,,,,,0.5364305973052979,,,,,,,,
4,117499,,,,,0.4164297878742218,,,,,,,,
4,117599,,,,,0.4311479330062866,,,,,,,,
4,117699,,,,,0.4325406849384308,,,,,,,,
4,117799,,,,,0.3254919648170471,,,,,,,,
4,117899,,,,,0.6326578855514526,,,,,,,,
4,117999,,,,,0.48276859521865845,,,,,,,,
4,118099,,,,,0.4218235909938812,,,,,,,,
4,118199,,,,,0.41593414545059204,,,,,,,,
4,118299,,,,,0.3215220272541046,,,,,,,,
4,118399,,,,,0.5622265338897705,,,,,,,,
4,118499,,,,,0.5915671586990356,,,,,,,,
4,118599,,,,,0.49157828092575073,,,,,,,,
4,118699,,,,,0.5305758714675903,,,,,,,,
4,118799,,,,,0.5586037039756775,,,,,,,,
4,118899,,,,,0.4242563843727112,,,,,,,,
4,118999,,,,,0.6204233765602112,,,,,,,,
4,119099,,,,,0.4992001950740814,,,,,,,,
4,119199,,,,,0.6537277698516846,,,,,,,,
4,119299,,,,,0.48444265127182007,,,,,,,,
4,119399,,,,,0.4387378692626953,,,,,,,,
4,119499,,,,,0.4745592176914215,,,,,,,,
4,119599,,,,,0.44125035405158997,,,,,,,,
4,119699,,,,,0.3495834469795227,,,,,,,,
4,119799,,,,,0.42783528566360474,,,,,,,,
4,119899,,,,,0.4294680058956146,,,,,,,,
4,119999,,,,,0.5969126224517822,,,,,,,,
4,120099,,,,,0.36189785599708557,,,,,,,,
4,120199,,,,,0.43862125277519226,,,,,,,,
4,120299,,,,,0.6148496270179749,,,,,,,,
4,120399,,,,,0.6745332479476929,,,,,,,,
4,120499,,,,,0.41011977195739746,,,,,,,,
4,120599,,,,,0.496299147605896,,,,,,,,
4,120699,,,,,0.3510565161705017,,,,,,,,
4,120799,,,,,0.41927528381347656,,,,,,,,
4,120899,,,,,0.44453930854797363,,,,,,,,
4,120999,,,,,0.47915542125701904,,,,,,,,
4,121099,,,,,0.4756365120410919,,,,,,,,
4,121199,,,,,0.4978933334350586,,,,,,,,
4,121299,,,,,0.700617790222168,,,,,,,,
4,121399,,,,,0.4447483718395233,,,,,,,,
4,121499,,,,,0.47577425837516785,,,,,,,,
4,121599,,,,,0.462689608335495,,,,,,,,
4,121699,,,,,0.45454931259155273,,,,,,,,
4,121799,,,,,0.474273145198822,,,,,,,,
4,121899,,,,,0.5440783500671387,,,,,,,,
4,121999,,,,,0.40258556604385376,,,,,,,,
4,122099,,,,,0.48346924781799316,,,,,,,,
4,122199,,,,,0.44620126485824585,,,,,,,,
4,122299,,,,,0.5415856838226318,,,,,,,,
4,122399,,,,,0.530471920967102,,,,,,,,
4,122499,,,,,0.5814540982246399,,,,,,,,
4,122599,,,,,0.34220027923583984,,,,,,,,
4,122699,,,,,0.41081544756889343,,,,,,,,
4,122799,,,,,0.5727202296257019,,,,,,,,
4,122899,,,,,0.588955283164978,,,,,,,,
4,122999,,,,,0.45743709802627563,,,,,,,,
4,123099,,,,,0.5605601072311401,,,,,,,,
4,123199,,,,,0.409118115901947,,,,,,,,
4,123299,,,,,0.5916481018066406,,,,,,,,
4,123399,,,,,0.3616287112236023,,,,,,,,
4,123499,,,,,0.6407825350761414,,,,,,,,
4,123599,,,,,0.4979211986064911,,,,,,,,
4,123699,,,,,0.4687974750995636,,,,,,,,
4,123799,,,,,0.6618133783340454,,,,,,,,
4,123899,,,,,0.4013901948928833,,,,,,,,
4,123999,,,,,0.3573095500469208,,,,,,,,
4,124099,,,,,0.6096840500831604,,,,,,,,
4,124199,,,,,0.5502935647964478,,,,,,,,
4,124299,,,,,0.5326252579689026,,,,,,,,
4,124399,,,,,0.4333036541938782,,,,,,,,
4,124499,,,,,0.5974128842353821,,,,,,,,
4,124599,,,,,0.39904701709747314,,,,,,,,
4,124699,,,,,0.4814226031303406,,,,,,,,
4,124799,,,,,0.2857327461242676,,,,,,,,
4,124899,,,,,0.4500136971473694,,,,,,,,
4,124999,,,,,0.5188570618629456,,,,,,,,
4,125099,,,,,0.45930737257003784,,,,,,,,
4,125199,,,,,0.3991515636444092,,,,,,,,
4,125299,,,,,0.568778395652771,,,,,,,,
4,125399,,,,,0.381910502910614,,,,,,,,
4,125499,,,,,0.49067315459251404,,,,,,,,
4,125599,,,,,0.4855892062187195,,,,,,,,
4,125699,,,,,0.4129961133003235,,,,,,,,
4,125799,,,,,0.425510048866272,,,,,,,,
4,125899,,,,,0.5310330390930176,,,,,,,,
4,125999,,,,,0.39288681745529175,,,,,,,,
4,126099,,,,,0.4493103623390198,,,,,,,,
4,126199,,,,,0.4426063001155853,,,,,,,,
4,126299,,,,,0.45889148116111755,,,,,,,,
4,126399,,,,,0.5099828243255615,,,,,,,,
4,126499,,,,,0.46611452102661133,,,,,,,,
4,126599,,,,,0.6966354846954346,,,,,,,,
4,126699,,,,,0.6627948880195618,,,,,,,,
4,126799,,,,,0.4541441798210144,,,,,,,,
4,126799,,,,,,,,0.8331542611122131,0.9191979169845581,0.8722087740898132,0.3475222885608673,0.8367812633514404,0.9107687473297119
4,126799,0.746218204498291,0.8186152577400208,0.8083195090293884,0.4907495677471161,,0.7635304927825928,0.858690619468689,,,,,,
5,126899,,,,,0.4717789888381958,,,,,,,,
5,126999,,,,,0.5200948119163513,,,,,,,,
5,127099,,,,,0.3975364863872528,,,,,,,,
5,127199,,,,,0.5491631627082825,,,,,,,,
5,127299,,,,,0.543067455291748,,,,,,,,
5,127399,,,,,0.5578930974006653,,,,,,,,
5,127499,,,,,0.5655652284622192,,,,,,,,
5,127599,,,,,0.44761624932289124,,,,,,,,
5,127699,,,,,0.5607544779777527,,,,,,,,
5,127799,,,,,0.31465470790863037,,,,,,,,
5,127899,,,,,0.5129656791687012,,,,,,,,
5,127999,,,,,0.43857771158218384,,,,,,,,
5,128099,,,,,0.29067379236221313,,,,,,,,
5,128199,,,,,0.47927168011665344,,,,,,,,
5,128299,,,,,0.6487826108932495,,,,,,,,
5,128399,,,,,0.4382912516593933,,,,,,,,
5,128499,,,,,0.5456686615943909,,,,,,,,
5,128599,,,,,0.4745689630508423,,,,,,,,
5,128699,,,,,0.5283629894256592,,,,,,,,
5,128799,,,,,0.4665032625198364,,,,,,,,
5,128899,,,,,0.5255526304244995,,,,,,,,
5,128999,,,,,0.43726205825805664,,,,,,,,
5,129099,,,,,0.45828840136528015,,,,,,,,
5,129199,,,,,0.5203753113746643,,,,,,,,
5,129299,,,,,0.2988215386867523,,,,,,,,
5,129399,,,,,0.6130142211914062,,,,,,,,
5,129499,,,,,0.6382380127906799,,,,,,,,
5,129599,,,,,0.41322070360183716,,,,,,,,
5,129699,,,,,0.45804423093795776,,,,,,,,
5,129799,,,,,0.4053542912006378,,,,,,,,
5,129899,,,,,0.4694681167602539,,,,,,,,
5,129999,,,,,0.6146646738052368,,,,,,,,
5,130099,,,,,0.5873475670814514,,,,,,,,
5,130199,,,,,0.41225123405456543,,,,,,,,
5,130299,,,,,0.5246726870536804,,,,,,,,
5,130399,,,,,0.43204110860824585,,,,,,,,
5,130499,,,,,0.4248645603656769,,,,,,,,
5,130599,,,,,0.4123385548591614,,,,,,,,
5,130699,,,,,0.3351181149482727,,,,,,,,
5,130799,,,,,0.5873705148696899,,,,,,,,
5,130899,,,,,0.49491071701049805,,,,,,,,
5,130999,,,,,0.542580246925354,,,,,,,,
5,131099,,,,,0.6274247765541077,,,,,,,,
5,131199,,,,,0.44586458802223206,,,,,,,,
5,131299,,,,,0.4217594265937805,,,,,,,,
5,131399,,,,,0.4339023530483246,,,,,,,,
5,131499,,,,,0.5758155584335327,,,,,,,,
5,131599,,,,,0.5055210590362549,,,,,,,,
5,131699,,,,,0.6338571310043335,,,,,,,,
5,131799,,,,,0.5615017414093018,,,,,,,,
5,131899,,,,,0.6545525789260864,,,,,,,,
5,131999,,,,,0.49136248230934143,,,,,,,,
5,132099,,,,,0.5734187364578247,,,,,,,,
5,132199,,,,,0.4213082194328308,,,,,,,,
5,132299,,,,,0.49148884415626526,,,,,,,,
5,132399,,,,,0.4853561222553253,,,,,,,,
5,132499,,,,,0.5908021926879883,,,,,,,,
5,132599,,,,,0.5225784778594971,,,,,,,,
5,132699,,,,,0.5196090936660767,,,,,,,,
5,132799,,,,,0.4849231243133545,,,,,,,,
5,132899,,,,,0.5859136581420898,,,,,,,,
5,132999,,,,,0.5416816473007202,,,,,,,,
5,133099,,,,,0.41473913192749023,,,,,,,,
5,133199,,,,,0.34417277574539185,,,,,,,,
5,133299,,,,,0.4789043664932251,,,,,,,,
5,133399,,,,,0.46283429861068726,,,,,,,,
5,133499,,,,,0.5300968885421753,,,,,,,,
5,133599,,,,,0.5345876216888428,,,,,,,,
5,133699,,,,,0.4150474965572357,,,,,,,,
5,133799,,,,,0.4331817924976349,,,,,,,,
5,133899,,,,,0.5125834941864014,,,,,,,,
5,133999,,,,,0.36093199253082275,,,,,,,,
5,134099,,,,,0.620925784111023,,,,,,,,
5,134199,,,,,0.8088417649269104,,,,,,,,
5,134299,,,,,0.4773523211479187,,,,,,,,
5,134399,,,,,0.4417533874511719,,,,,,,,
5,134499,,,,,0.4713892340660095,,,,,,,,
5,134599,,,,,0.33621543645858765,,,,,,,,
5,134699,,,,,0.5337520837783813,,,,,,,,
5,134799,,,,,0.4379372000694275,,,,,,,,
5,134899,,,,,0.4045240879058838,,,,,,,,
5,134999,,,,,0.4896929860115051,,,,,,,,
5,135099,,,,,0.4450853765010834,,,,,,,,
5,135199,,,,,0.31566280126571655,,,,,,,,
5,135299,,,,,0.4195682406425476,,,,,,,,
5,135399,,,,,0.5014963150024414,,,,,,,,
5,135499,,,,,0.46230077743530273,,,,,,,,
5,135599,,,,,0.43200159072875977,,,,,,,,
5,135699,,,,,0.49658578634262085,,,,,,,,
5,135799,,,,,0.45557260513305664,,,,,,,,
5,135899,,,,,0.5448555946350098,,,,,,,,
5,135999,,,,,0.4179781377315521,,,,,,,,
5,136099,,,,,0.3817158341407776,,,,,,,,
5,136199,,,,,0.41465264558792114,,,,,,,,
5,136299,,,,,0.4095786511898041,,,,,,,,
5,136399,,,,,0.4626206159591675,,,,,,,,
5,136499,,,,,0.443494975566864,,,,,,,,
5,136599,,,,,0.4123902916908264,,,,,,,,
5,136699,,,,,0.5135997533798218,,,,,,,,
5,136799,,,,,0.4423586130142212,,,,,,,,
5,136899,,,,,0.5131754875183105,,,,,,,,
5,136999,,,,,0.6714769601821899,,,,,,,,
5,137099,,,,,0.5183257460594177,,,,,,,,
5,137199,,,,,0.3388756513595581,,,,,,,,
5,137299,,,,,0.3510652482509613,,,,,,,,
5,137399,,,,,0.44056326150894165,,,,,,,,
5,137499,,,,,0.5095983743667603,,,,,,,,
5,137599,,,,,0.3947978615760803,,,,,,,,
5,137699,,,,,0.3880276083946228,,,,,,,,
5,137799,,,,,0.5732529163360596,,,,,,,,
5,137899,,,,,0.36070069670677185,,,,,,,,
5,137999,,,,,0.4275978207588196,,,,,,,,
5,138099,,,,,0.38782548904418945,,,,,,,,
5,138199,,,,,0.5486272573471069,,,,,,,,
5,138299,,,,,0.4240083396434784,,,,,,,,
5,138399,,,,,0.504779577255249,,,,,,,,
5,138499,,,,,0.5674887895584106,,,,,,,,
5,138599,,,,,0.4778524935245514,,,,,,,,
5,138699,,,,,0.4558523893356323,,,,,,,,
5,138799,,,,,0.4260842204093933,,,,,,,,
5,138899,,,,,0.49445581436157227,,,,,,,,
5,138999,,,,,0.5301482677459717,,,,,,,,
5,139099,,,,,0.4806482493877411,,,,,,,,
5,139199,,,,,0.46442335844039917,,,,,,,,
5,139299,,,,,0.588986873626709,,,,,,,,
5,139399,,,,,0.6012354493141174,,,,,,,,
5,139499,,,,,0.5804973244667053,,,,,,,,
5,139599,,,,,0.4593076705932617,,,,,,,,
5,139699,,,,,0.4347268044948578,,,,,,,,
5,139799,,,,,0.6588965654373169,,,,,,,,
5,139899,,,,,0.33327716588974,,,,,,,,
5,139999,,,,,0.521957516670227,,,,,,,,
5,140099,,,,,0.43826428055763245,,,,,,,,
5,140199,,,,,0.44785669445991516,,,,,,,,
5,140299,,,,,0.42676740884780884,,,,,,,,
5,140399,,,,,0.4936119616031647,,,,,,,,
5,140499,,,,,0.36885136365890503,,,,,,,,
5,140599,,,,,0.5715710520744324,,,,,,,,
5,140699,,,,,0.3686748147010803,,,,,,,,
5,140799,,,,,0.45438671112060547,,,,,,,,
5,140899,,,,,0.5363990664482117,,,,,,,,
5,140999,,,,,0.5120443105697632,,,,,,,,
5,141099,,,,,0.6308920383453369,,,,,,,,
5,141199,,,,,0.5639398097991943,,,,,,,,
5,141299,,,,,0.5528913736343384,,,,,,,,
5,141399,,,,,0.46851474046707153,,,,,,,,
5,141499,,,,,0.43362677097320557,,,,,,,,
5,141599,,,,,0.5233733057975769,,,,,,,,
5,141699,,,,,0.5354387760162354,,,,,,,,
5,141799,,,,,0.5512713193893433,,,,,,,,
5,141899,,,,,0.35790354013442993,,,,,,,,
5,141999,,,,,0.4210800230503082,,,,,,,,
5,142099,,,,,0.5541910529136658,,,,,,,,
5,142199,,,,,0.40791165828704834,,,,,,,,
5,142299,,,,,0.48103225231170654,,,,,,,,
5,142399,,,,,0.42469489574432373,,,,,,,,
5,142499,,,,,0.6067017316818237,,,,,,,,
5,142599,,,,,0.4339081645011902,,,,,,,,
5,142699,,,,,0.4637444317340851,,,,,,,,
5,142799,,,,,0.452087938785553,,,,,,,,
5,142899,,,,,0.5096358060836792,,,,,,,,
5,142999,,,,,0.3621523678302765,,,,,,,,
5,143099,,,,,0.49785280227661133,,,,,,,,
5,143199,,,,,0.28955984115600586,,,,,,,,
5,143299,,,,,0.3775935769081116,,,,,,,,
5,143399,,,,,0.3769809603691101,,,,,,,,
5,143499,,,,,0.4367682635784149,,,,,,,,
5,143599,,,,,0.47058436274528503,,,,,,,,
5,143699,,,,,0.42855650186538696,,,,,,,,
5,143799,,,,,0.5252512693405151,,,,,,,,
5,143899,,,,,0.3558618724346161,,,,,,,,
5,143999,,,,,0.4742048382759094,,,,,,,,
5,144099,,,,,0.3313772976398468,,,,,,,,
5,144199,,,,,0.3632833957672119,,,,,,,,
5,144299,,,,,0.2823147177696228,,,,,,,,
5,144399,,,,,0.6295773386955261,,,,,,,,
5,144499,,,,,0.4179137051105499,,,,,,,,
5,144599,,,,,0.5450059771537781,,,,,,,,
5,144699,,,,,0.5204648971557617,,,,,,,,
5,144799,,,,,0.5226290225982666,,,,,,,,
5,144899,,,,,0.5017184615135193,,,,,,,,
5,144999,,,,,0.5009799003601074,,,,,,,,
5,145099,,,,,0.42892423272132874,,,,,,,,
5,145199,,,,,0.5023882985115051,,,,,,,,
5,145299,,,,,0.451987624168396,,,,,,,,
5,145399,,,,,0.42416131496429443,,,,,,,,
5,145499,,,,,0.4592334032058716,,,,,,,,
5,145599,,,,,0.5341453552246094,,,,,,,,
5,145699,,,,,0.5484678745269775,,,,,,,,
5,145799,,,,,0.4345638155937195,,,,,,,,
5,145899,,,,,0.41328176856040955,,,,,,,,
5,145999,,,,,0.4603358507156372,,,,,,,,
5,146099,,,,,0.4066259264945984,,,,,,,,
5,146199,,,,,0.49548670649528503,,,,,,,,
5,146299,,,,,0.47883036732673645,,,,,,,,
5,146399,,,,,0.5681595802307129,,,,,,,,
5,146499,,,,,0.47192734479904175,,,,,,,,
5,146599,,,,,0.42376190423965454,,,,,,,,
5,146699,,,,,0.4019005298614502,,,,,,,,
5,146799,,,,,0.5121178030967712,,,,,,,,
5,146899,,,,,0.3989943861961365,,,,,,,,
5,146999,,,,,0.38028210401535034,,,,,,,,
5,147099,,,,,0.42746680974960327,,,,,,,,
5,147199,,,,,0.5184483528137207,,,,,,,,
5,147299,,,,,0.48112428188323975,,,,,,,,
5,147399,,,,,0.5307565927505493,,,,,,,,
5,147499,,,,,0.5952967405319214,,,,,,,,
5,147599,,,,,0.45514655113220215,,,,,,,,
5,147699,,,,,0.5043673515319824,,,,,,,,
5,147799,,,,,0.46905237436294556,,,,,,,,
5,147899,,,,,0.4284464418888092,,,,,,,,
5,147999,,,,,0.6254409551620483,,,,,,,,
5,148099,,,,,0.39751386642456055,,,,,,,,
5,148199,,,,,0.46066322922706604,,,,,,,,
5,148299,,,,,0.4919430613517761,,,,,,,,
5,148399,,,,,0.4826459586620331,,,,,,,,
5,148499,,,,,0.49796414375305176,,,,,,,,
5,148599,,,,,0.4725942015647888,,,,,,,,
5,148699,,,,,0.4237666726112366,,,,,,,,
5,148799,,,,,0.6569032073020935,,,,,,,,
5,148899,,,,,0.4441344141960144,,,,,,,,
5,148999,,,,,0.4866049885749817,,,,,,,,
5,149099,,,,,0.407254695892334,,,,,,,,
5,149199,,,,,0.44524601101875305,,,,,,,,
5,149299,,,,,0.3664788007736206,,,,,,,,
5,149399,,,,,0.5219027996063232,,,,,,,,
5,149499,,,,,0.6183622479438782,,,,,,,,
5,149599,,,,,0.4305016100406647,,,,,,,,
5,149699,,,,,0.5486350059509277,,,,,,,,
5,149799,,,,,0.4633271098136902,,,,,,,,
5,149899,,,,,0.5397708415985107,,,,,,,,
5,149999,,,,,0.937933623790741,,,,,,,,
5,150099,,,,,0.5397568941116333,,,,,,,,
5,150199,,,,,0.62772536277771,,,,,,,,
5,150299,,,,,0.3233490586280823,,,,,,,,
5,150399,,,,,0.5528784990310669,,,,,,,,
5,150499,,,,,0.5761021375656128,,,,,,,,
5,150599,,,,,0.39676305651664734,,,,,,,,
5,150699,,,,,0.6809179782867432,,,,,,,,
5,150799,,,,,0.3292735517024994,,,,,,,,
5,150899,,,,,0.4558086097240448,,,,,,,,
5,150999,,,,,0.5922358632087708,,,,,,,,
5,151099,,,,,0.5396484136581421,,,,,,,,
5,151199,,,,,0.48601341247558594,,,,,,,,
5,151299,,,,,0.36393314599990845,,,,,,,,
5,151399,,,,,0.649503231048584,,,,,,,,
5,151499,,,,,0.6029208898544312,,,,,,,,
5,151599,,,,,0.3972070813179016,,,,,,,,
5,151699,,,,,0.3984464108943939,,,,,,,,
5,151799,,,,,0.6842778325080872,,,,,,,,
5,151899,,,,,0.5998532772064209,,,,,,,,
5,151999,,,,,0.5017271041870117,,,,,,,,
5,152099,,,,,0.6629012823104858,,,,,,,,
5,152159,,,,,,,,0.8451707363128662,0.9298815727233887,0.8816225528717041,0.32919740676879883,0.8444384932518005,0.9222320914268494
5,152159,0.7561218738555908,0.8307218551635742,0.8151043057441711,0.4763012230396271,,0.7725326418876648,0.8626415133476257,,,,,,
6,152199,,,,,0.5023616552352905,,,,,,,,
6,152299,,,,,0.481484591960907,,,,,,,,
6,152399,,,,,0.3920031189918518,,,,,,,,
6,152499,,,,,0.34028077125549316,,,,,,,,
6,152599,,,,,0.5920708179473877,,,,,,,,
6,152699,,,,,0.46384739875793457,,,,,,,,
6,152799,,,,,0.49875572323799133,,,,,,,,
6,152899,,,,,0.44489777088165283,,,,,,,,
6,152999,,,,,0.4602697789669037,,,,,,,,
6,153099,,,,,0.4707227349281311,,,,,,,,
6,153199,,,,,0.3677854835987091,,,,,,,,
6,153299,,,,,0.4097318649291992,,,,,,,,
6,153399,,,,,0.43565475940704346,,,,,,,,
6,153499,,,,,0.484180748462677,,,,,,,,
6,153599,,,,,0.2670307755470276,,,,,,,,
6,153699,,,,,0.3582252860069275,,,,,,,,
6,153799,,,,,0.5205807685852051,,,,,,,,
6,153899,,,,,0.477489709854126,,,,,,,,
6,153999,,,,,0.312767893075943,,,,,,,,
6,154099,,,,,0.6643577814102173,,,,,,,,
6,154199,,,,,0.38040691614151,,,,,,,,
6,154299,,,,,0.4021724760532379,,,,,,,,
6,154399,,,,,0.4978298246860504,,,,,,,,
6,154499,,,,,0.3806743621826172,,,,,,,,
6,154599,,,,,0.6254186630249023,,,,,,,,
6,154699,,,,,0.5029643774032593,,,,,,,,
6,154799,,,,,0.3786691427230835,,,,,,,,
6,154899,,,,,0.3542131781578064,,,,,,,,
6,154999,,,,,0.35644879937171936,,,,,,,,
6,155099,,,,,0.41785764694213867,,,,,,,,
6,155199,,,,,0.48102328181266785,,,,,,,,
6,155299,,,,,0.4002569913864136,,,,,,,,
6,155399,,,,,0.544110119342804,,,,,,,,
6,155499,,,,,0.4295613169670105,,,,,,,,
6,155599,,,,,0.5449786186218262,,,,,,,,
6,155699,,,,,0.6913115978240967,,,,,,,,
6,155799,,,,,0.4746708869934082,,,,,,,,
6,155899,,,,,0.5478235483169556,,,,,,,,
6,155999,,,,,0.42131364345550537,,,,,,,,
6,156099,,,,,0.28935328125953674,,,,,,,,
6,156199,,,,,0.4593345522880554,,,,,,,,
6,156299,,,,,0.5839636921882629,,,,,,,,
6,156399,,,,,0.5191165804862976,,,,,,,,
6,156499,,,,,0.382967084646225,,,,,,,,
6,156599,,,,,0.5260626077651978,,,,,,,,
6,156699,,,,,0.5458597540855408,,,,,,,,
6,156799,,,,,0.4478190541267395,,,,,,,,
6,156899,,,,,0.49587535858154297,,,,,,,,
6,156999,,,,,0.44644641876220703,,,,,,,,
6,157099,,,,,0.4671134948730469,,,,,,,,
6,157199,,,,,0.5339977741241455,,,,,,,,
6,157299,,,,,0.37649857997894287,,,,,,,,
6,157399,,,,,0.4631132483482361,,,,,,,,
6,157499,,,,,0.48451265692710876,,,,,,,,
6,157599,,,,,0.4170324206352234,,,,,,,,
6,157699,,,,,0.507949709892273,,,,,,,,
6,157799,,,,,0.6534385085105896,,,,,,,,
6,157899,,,,,0.5176424980163574,,,,,,,,
6,157999,,,,,0.4469691812992096,,,,,,,,
6,158099,,,,,0.5957596302032471,,,,,,,,
6,158199,,,,,0.4377487897872925,,,,,,,,
6,158299,,,,,0.4123084247112274,,,,,,,,
6,158399,,,,,0.4252074062824249,,,,,,,,
6,158499,,,,,0.5506606101989746,,,,,,,,
6,158599,,,,,0.3669435381889343,,,,,,,,
6,158699,,,,,0.5161963105201721,,,,,,,,
6,158799,,,,,0.36334818601608276,,,,,,,,
6,158899,,,,,0.3459130823612213,,,,,,,,
6,158999,,,,,0.4057583212852478,,,,,,,,
6,159099,,,,,0.4637998342514038,,,,,,,,
6,159199,,,,,0.5570557117462158,,,,,,,,
6,159299,,,,,0.5102150440216064,,,,,,,,
6,159399,,,,,0.4952167868614197,,,,,,,,
6,159499,,,,,0.3911982774734497,,,,,,,,
6,159599,,,,,0.3099674582481384,,,,,,,,
6,159699,,,,,0.5614820122718811,,,,,,,,
6,159799,,,,,0.6633645296096802,,,,,,,,
6,159899,,,,,0.4292898178100586,,,,,,,,
6,159999,,,,,0.4461652636528015,,,,,,,,
6,160099,,,,,0.38582468032836914,,,,,,,,
6,160199,,,,,0.5831946134567261,,,,,,,,
6,160299,,,,,0.44735196232795715,,,,,,,,
6,160399,,,,,0.45574629306793213,,,,,,,,
6,160499,,,,,0.5111297369003296,,,,,,,,
6,160599,,,,,0.4389095902442932,,,,,,,,
6,160699,,,,,0.40711021423339844,,,,,,,,
6,160799,,,,,0.42894595861434937,,,,,,,,
6,160899,,,,,0.5029571056365967,,,,,,,,
6,160999,,,,,0.44032663106918335,,,,,,,,
6,161099,,,,,0.6252727508544922,,,,,,,,
6,161199,,,,,0.3741873800754547,,,,,,,,
6,161299,,,,,0.45658808946609497,,,,,,,,
6,161399,,,,,0.44542011618614197,,,,,,,,
6,161499,,,,,0.45149919390678406,,,,,,,,
6,161599,,,,,0.5500732064247131,,,,,,,,
6,161699,,,,,0.4930863380432129,,,,,,,,
6,161799,,,,,0.543407678604126,,,,,,,,
6,161899,,,,,0.5008063316345215,,,,,,,,
6,161999,,,,,0.49485456943511963,,,,,,,,
6,162099,,,,,0.4216531217098236,,,,,,,,
6,162199,,,,,0.5228173732757568,,,,,,,,
6,162299,,,,,0.4758765995502472,,,,,,,,
6,162399,,,,,0.5119099020957947,,,,,,,,
6,162499,,,,,0.4683377742767334,,,,,,,,
6,162599,,,,,0.46164655685424805,,,,,,,,
6,162699,,,,,0.44988957047462463,,,,,,,,
6,162799,,,,,0.45272400975227356,,,,,,,,
6,162899,,,,,0.6818393468856812,,,,,,,,
6,162999,,,,,0.47298288345336914,,,,,,,,
6,163099,,,,,0.3817192316055298,,,,,,,,
6,163199,,,,,0.42206674814224243,,,,,,,,
6,163299,,,,,0.4877743422985077,,,,,,,,
6,163399,,,,,0.42419230937957764,,,,,,,,
6,163499,,,,,0.296555757522583,,,,,,,,
6,163599,,,,,0.5134605169296265,,,,,,,,
6,163699,,,,,0.6200937032699585,,,,,,,,
6,163799,,,,,0.47775372862815857,,,,,,,,
6,163899,,,,,0.4546760320663452,,,,,,,,
6,163999,,,,,0.4005841910839081,,,,,,,,
6,164099,,,,,0.7982368469238281,,,,,,,,
6,164199,,,,,0.3667253255844116,,,,,,,,
6,164299,,,,,0.3547166585922241,,,,,,,,
6,164399,,,,,0.49791818857192993,,,,,,,,
6,164499,,,,,0.38185274600982666,,,,,,,,
6,164599,,,,,0.45561325550079346,,,,,,,,
6,164699,,,,,0.38021618127822876,,,,,,,,
6,164799,,,,,0.4559316337108612,,,,,,,,
6,164899,,,,,0.2952602803707123,,,,,,,,
6,164999,,,,,0.4808056056499481,,,,,,,,
6,165099,,,,,0.6326863169670105,,,,,,,,
6,165199,,,,,0.46322715282440186,,,,,,,,
6,165299,,,,,0.4493290185928345,,,,,,,,
6,165399,,,,,0.3704078197479248,,,,,,,,
6,165499,,,,,0.35913264751434326,,,,,,,,
6,165599,,,,,0.489249587059021,,,,,,,,
6,165699,,,,,0.5012294054031372,,,,,,,,
6,165799,,,,,0.6006919741630554,,,,,,,,
6,165899,,,,,0.5303798317909241,,,,,,,,
6,165999,,,,,0.48739781975746155,,,,,,,,
6,166099,,,,,0.709416925907135,,,,,,,,
6,166199,,,,,0.6863148212432861,,,,,,,,
6,166299,,,,,0.32722848653793335,,,,,,,,
6,166399,,,,,0.38910531997680664,,,,,,,,
6,166499,,,,,0.464791864156723,,,,,,,,
6,166599,,,,,0.4691767692565918,,,,,,,,
6,166699,,,,,0.5130652189254761,,,,,,,,
6,166799,,,,,0.33107322454452515,,,,,,,,
6,166899,,,,,0.44120439887046814,,,,,,,,
6,166999,,,,,0.46237921714782715,,,,,,,,
6,167099,,,,,0.4265090525150299,,,,,,,,
6,167199,,,,,0.5400998592376709,,,,,,,,
6,167299,,,,,0.39853373169898987,,,,,,,,
6,167399,,,,,0.541502058506012,,,,,,,,
6,167499,,,,,0.3524841070175171,,,,,,,,
6,167599,,,,,0.46038591861724854,,,,,,,,
6,167699,,,,,0.4836609363555908,,,,,,,,
6,167799,,,,,0.3845708966255188,,,,,,,,
6,167899,,,,,0.5923135280609131,,,,,,,,
6,167999,,,,,0.5056555271148682,,,,,,,,
6,168099,,,,,0.4774104356765747,,,,,,,,
6,168199,,,,,0.435019850730896,,,,,,,,
6,168299,,,,,0.5320238471031189,,,,,,,,
6,168399,,,,,0.3347056210041046,,,,,,,,
6,168499,,,,,0.38842451572418213,,,,,,,,
6,168599,,,,,0.41010206937789917,,,,,,,,
6,168699,,,,,0.5913991928100586,,,,,,,,
6,168799,,,,,0.48098933696746826,,,,,,,,
6,168899,,,,,0.5429769158363342,,,,,,,,
6,168999,,,,,0.518133282661438,,,,,,,,
6,169099,,,,,0.4342995882034302,,,,,,,,
6,169199,,,,,0.619212806224823,,,,,,,,
6,169299,,,,,0.4110702574253082,,,,,,,,
6,169399,,,,,0.36513540148735046,,,,,,,,
6,169499,,,,,0.5391331315040588,,,,,,,,
6,169599,,,,,0.49082446098327637,,,,,,,,
6,169699,,,,,0.4033498764038086,,,,,,,,
6,169799,,,,,0.48302310705184937,,,,,,,,
6,169899,,,,,0.4025927186012268,,,,,,,,
6,169999,,,,,0.44278091192245483,,,,,,,,
6,170099,,,,,0.44955578446388245,,,,,,,,
6,170199,,,,,0.3611815273761749,,,,,,,,
6,170299,,,,,0.3823654055595398,,,,,,,,
6,170399,,,,,0.41789722442626953,,,,,,,,
6,170499,,,,,0.47421926259994507,,,,,,,,
6,170599,,,,,0.5824646949768066,,,,,,,,
6,170699,,,,,0.46423476934432983,,,,,,,,
6,170799,,,,,0.589426577091217,,,,,,,,
6,170899,,,,,0.3994963765144348,,,,,,,,
6,170999,,,,,0.5719008445739746,,,,,,,,
6,171099,,,,,0.42723119258880615,,,,,,,,
6,171199,,,,,0.3611419200897217,,,,,,,,
6,171299,,,,,0.42128872871398926,,,,,,,,
6,171399,,,,,0.5642632246017456,,,,,,,,
6,171499,,,,,0.3749426603317261,,,,,,,,
6,171599,,,,,0.40842950344085693,,,,,,,,
6,171699,,,,,0.4585850238800049,,,,,,,,
6,171799,,,,,0.4749523401260376,,,,,,,,
6,171899,,,,,0.4173045754432678,,,,,,,,
6,171999,,,,,0.5487573146820068,,,,,,,,
6,172099,,,,,0.43328043818473816,,,,,,,,
6,172199,,,,,0.6056633591651917,,,,,,,,
6,172299,,,,,0.2858654856681824,,,,,,,,
6,172399,,,,,0.47063103318214417,,,,,,,,
6,172499,,,,,0.4011246860027313,,,,,,,,
6,172599,,,,,0.37369346618652344,,,,,,,,
6,172699,,,,,0.4711635112762451,,,,,,,,
6,172799,,,,,0.49350103735923767,,,,,,,,
6,172899,,,,,0.3779996335506439,,,,,,,,
6,172999,,,,,0.6055352091789246,,,,,,,,
6,173099,,,,,0.5542491674423218,,,,,,,,
6,173199,,,,,0.5039515495300293,,,,,,,,
6,173299,,,,,0.5376275181770325,,,,,,,,
6,173399,,,,,0.4238671064376831,,,,,,,,
6,173499,,,,,0.46479231119155884,,,,,,,,
6,173599,,,,,0.490170955657959,,,,,,,,
6,173699,,,,,0.3666797876358032,,,,,,,,
6,173799,,,,,0.47882279753685,,,,,,,,
6,173899,,,,,0.469199001789093,,,,,,,,
6,173999,,,,,0.5153319835662842,,,,,,,,
6,174099,,,,,0.5525496602058411,,,,,,,,
6,174199,,,,,0.41703885793685913,,,,,,,,
6,174299,,,,,0.33780890703201294,,,,,,,,
6,174399,,,,,0.5792382955551147,,,,,,,,
6,174499,,,,,0.3925487995147705,,,,,,,,
6,174599,,,,,0.6869530081748962,,,,,,,,
6,174699,,,,,0.380171537399292,,,,,,,,
6,174799,,,,,0.4607911705970764,,,,,,,,
6,174899,,,,,0.5072668194770813,,,,,,,,
6,174999,,,,,0.5009325742721558,,,,,,,,
6,175099,,,,,0.5319409370422363,,,,,,,,
6,175199,,,,,0.4621639847755432,,,,,,,,
6,175299,,,,,0.48435789346694946,,,,,,,,
6,175399,,,,,0.5562645792961121,,,,,,,,
6,175499,,,,,0.32459840178489685,,,,,,,,
6,175599,,,,,0.4922412931919098,,,,,,,,
6,175699,,,,,0.45051366090774536,,,,,,,,
6,175799,,,,,0.375011682510376,,,,,,,,
6,175899,,,,,0.4885057806968689,,,,,,,,
6,175999,,,,,0.4024915099143982,,,,,,,,
6,176099,,,,,0.48331040143966675,,,,,,,,
6,176199,,,,,0.581854522228241,,,,,,,,
6,176299,,,,,0.5099217295646667,,,,,,,,
6,176399,,,,,0.6686208248138428,,,,,,,,
6,176499,,,,,0.3369706869125366,,,,,,,,
6,176599,,,,,0.413501113653183,,,,,,,,
6,176699,,,,,0.4221039414405823,,,,,,,,
6,176799,,,,,0.437431275844574,,,,,,,,
6,176899,,,,,0.511114239692688,,,,,,,,
6,176999,,,,,0.4549603760242462,,,,,,,,
6,177099,,,,,0.33006495237350464,,,,,,,,
6,177199,,,,,0.4364730417728424,,,,,,,,
6,177299,,,,,0.27722489833831787,,,,,,,,
6,177399,,,,,0.48026323318481445,,,,,,,,
6,177499,,,,,0.4916954040527344,,,,,,,,
6,177519,,,,,,,,0.8606324791908264,0.9398802518844604,0.8919484615325928,0.3034130334854126,0.8654515147209167,0.9201192259788513
6,177519,0.7636632323265076,0.8406965136528015,0.8203346729278564,0.46370574831962585,,0.7793872952461243,0.8658232092857361,,,,,,
7,177599,,,,,0.287991464138031,,,,,,,,
7,177699,,,,,0.5984469652175903,,,,,,,,
7,177799,,,,,0.37884294986724854,,,,,,,,
7,177899,,,,,0.44922077655792236,,,,,,,,
7,177999,,,,,0.47066205739974976,,,,,,,,
7,178099,,,,,0.5076519250869751,,,,,,,,
7,178199,,,,,0.45399296283721924,,,,,,,,
7,178299,,,,,0.35806554555892944,,,,,,,,
7,178399,,,,,0.4386640191078186,,,,,,,,
7,178499,,,,,0.5022319555282593,,,,,,,,
7,178599,,,,,0.36094868183135986,,,,,,,,
7,178699,,,,,0.48889225721359253,,,,,,,,
7,178799,,,,,0.44526153802871704,,,,,,,,
7,178899,,,,,0.404051810503006,,,,,,,,
7,178999,,,,,0.5366979837417603,,,,,,,,
7,179099,,,,,0.40886029601097107,,,,,,,,
7,179199,,,,,0.375203400850296,,,,,,,,
7,179299,,,,,0.5272171497344971,,,,,,,,
7,179399,,,,,0.377962589263916,,,,,,,,
7,179499,,,,,0.39948147535324097,,,,,,,,
7,179599,,,,,0.4637431800365448,,,,,,,,
7,179699,,,,,0.5086089372634888,,,,,,,,
7,179799,,,,,0.588943600654602,,,,,,,,
7,179899,,,,,0.5372096300125122,,,,,,,,
7,179999,,,,,0.6239348649978638,,,,,,,,
7,180099,,,,,0.4261631965637207,,,,,,,,
7,180199,,,,,0.7250145673751831,,,,,,,,
7,180299,,,,,0.45397070050239563,,,,,,,,
7,180399,,,,,0.36905938386917114,,,,,,,,
7,180499,,,,,0.40206480026245117,,,,,,,,
7,180599,,,,,0.4060457646846771,,,,,,,,
7,180699,,,,,0.49873030185699463,,,,,,,,
7,180799,,,,,0.42573457956314087,,,,,,,,
7,180899,,,,,0.28566309809684753,,,,,,,,
