epoch,step,test_acc,test_auc,test_f1,test_loss,test_prec,test_rec,train_acc_epoch,train_auc_epoch,train_f1_epoch,train_loss_epoch,train_loss_step,train_prec_epoch,train_rec_epoch,val_acc,val_auc,val_f1,val_loss,val_prec,val_rec
0,99,,,,,,,,,,,0.707488477230072,,,,,,,,
0,199,,,,,,,,,,,0.7136249542236328,,,,,,,,
0,299,,,,,,,,,,,0.5502479076385498,,,,,,,,
0,399,,,,,,,,,,,0.6936638355255127,,,,,,,,
0,499,,,,,,,,,,,0.6666322946548462,,,,,,,,
0,599,,,,,,,,,,,0.695152997970581,,,,,,,,
0,699,,,,,,,,,,,0.6983454823493958,,,,,,,,
0,799,,,,,,,,,,,0.6584434509277344,,,,,,,,
0,899,,,,,,,,,,,0.7490400075912476,,,,,,,,
0,999,,,,,,,,,,,0.5743008852005005,,,,,,,,
0,1099,,,,,,,,,,,0.6461418867111206,,,,,,,,
0,1199,,,,,,,,,,,0.6396457552909851,,,,,,,,
0,1299,,,,,,,,,,,0.6194230914115906,,,,,,,,
0,1399,,,,,,,,,,,0.6680954098701477,,,,,,,,
0,1499,,,,,,,,,,,0.6501519680023193,,,,,,,,
0,1599,,,,,,,,,,,0.5854407548904419,,,,,,,,
0,1699,,,,,,,,,,,0.6393449902534485,,,,,,,,
0,1799,,,,,,,,,,,0.5915093421936035,,,,,,,,
0,1899,,,,,,,,,,,0.6875259876251221,,,,,,,,
0,1999,,,,,,,,,,,0.6074106693267822,,,,,,,,
0,2099,,,,,,,,,,,0.6900041699409485,,,,,,,,
0,2199,,,,,,,,,,,0.7492823600769043,,,,,,,,
0,2299,,,,,,,,,,,0.637053370475769,,,,,,,,
0,2399,,,,,,,,,,,0.7316223382949829,,,,,,,,
0,2499,,,,,,,,,,,0.6016013622283936,,,,,,,,
0,2599,,,,,,,,,,,0.6251295804977417,,,,,,,,
0,2699,,,,,,,,,,,0.6522735357284546,,,,,,,,
0,2799,,,,,,,,,,,0.6466527581214905,,,,,,,,
0,2899,,,,,,,,,,,0.7445915937423706,,,,,,,,
0,2999,,,,,,,,,,,0.5532498359680176,,,,,,,,
0,3099,,,,,,,,,,,0.6633642911911011,,,,,,,,
0,3199,,,,,,,,,,,0.7793770432472229,,,,,,,,
0,3299,,,,,,,,,,,0.7157438397407532,,,,,,,,
0,3399,,,,,,,,,,,0.5814870595932007,,,,,,,,
0,3499,,,,,,,,,,,0.504863977432251,,,,,,,,
0,3599,,,,,,,,,,,0.6075071096420288,,,,,,,,
0,3699,,,,,,,,,,,0.6630665063858032,,,,,,,,
0,3799,,,,,,,,,,,0.6505382061004639,,,,,,,,
0,3899,,,,,,,,,,,0.6762431859970093,,,,,,,,
0,3999,,,,,,,,,,,0.6720777153968811,,,,,,,,
0,4099,,,,,,,,,,,0.5702494382858276,,,,,,,,
0,4199,,,,,,,,,,,0.6710130572319031,,,,,,,,
0,4299,,,,,,,,,,,0.7657124400138855,,,,,,,,
0,4399,,,,,,,,,,,0.5787022113800049,,,,,,,,
0,4499,,,,,,,,,,,0.5350977182388306,,,,,,,,
0,4599,,,,,,,,,,,0.6488257646560669,,,,,,,,
0,4699,,,,,,,,,,,0.8595598936080933,,,,,,,,
0,4799,,,,,,,,,,,0.6220754384994507,,,,,,,,
0,4899,,,,,,,,,,,0.7295359373092651,,,,,,,,
0,4999,,,,,,,,,,,0.6334955096244812,,,,,,,,
0,5099,,,,,,,,,,,0.7225240468978882,,,,,,,,
0,5199,,,,,,,,,,,0.6721357703208923,,,,,,,,
0,5299,,,,,,,,,,,0.6832739114761353,,,,,,,,
0,5399,,,,,,,,,,,0.609761118888855,,,,,,,,
0,5499,,,,,,,,,,,0.6719407439231873,,,,,,,,
0,5599,,,,,,,,,,,0.5792800188064575,,,,,,,,
0,5699,,,,,,,,,,,0.7191280126571655,,,,,,,,
0,5799,,,,,,,,,,,0.7219980955123901,,,,,,,,
0,5899,,,,,,,,,,,0.5098062753677368,,,,,,,,
0,5999,,,,,,,,,,,0.5838451385498047,,,,,,,,
0,6099,,,,,,,,,,,0.6334975957870483,,,,,,,,
0,6199,,,,,,,,,,,0.6391412019729614,,,,,,,,
0,6299,,,,,,,,,,,0.6518122553825378,,,,,,,,
0,6399,,,,,,,,,,,0.5313042998313904,,,,,,,,
0,6499,,,,,,,,,,,0.6062968969345093,,,,,,,,
0,6599,,,,,,,,,,,0.6273924112319946,,,,,,,,
0,6699,,,,,,,,,,,0.6316418647766113,,,,,,,,
0,6799,,,,,,,,,,,0.6587182879447937,,,,,,,,
0,6899,,,,,,,,,,,0.5726265907287598,,,,,,,,
0,6999,,,,,,,,,,,0.6686812043190002,,,,,,,,
0,7099,,,,,,,,,,,0.6443378925323486,,,,,,,,
0,7199,,,,,,,,,,,0.6002517938613892,,,,,,,,
0,7299,,,,,,,,,,,0.5920145511627197,,,,,,,,
0,7399,,,,,,,,,,,0.728712797164917,,,,,,,,
0,7499,,,,,,,,,,,0.6091801524162292,,,,,,,,
0,7599,,,,,,,,,,,0.6760050654411316,,,,,,,,
0,7699,,,,,,,,,,,0.5433918237686157,,,,,,,,
0,7799,,,,,,,,,,,0.6329562664031982,,,,,,,,
0,7899,,,,,,,,,,,0.6760954260826111,,,,,,,,
0,7999,,,,,,,,,,,0.5978231430053711,,,,,,,,
0,8099,,,,,,,,,,,0.5825188159942627,,,,,,,,
0,8199,,,,,,,,,,,0.7059916257858276,,,,,,,,
0,8299,,,,,,,,,,,0.6156876087188721,,,,,,,,
0,8399,,,,,,,,,,,0.4952278137207031,,,,,,,,
0,8499,,,,,,,,,,,0.6883150935173035,,,,,,,,
0,8599,,,,,,,,,,,0.5499985218048096,,,,,,,,
0,8699,,,,,,,,,,,0.5555319786071777,,,,,,,,
0,8799,,,,,,,,,,,0.6607877016067505,,,,,,,,
0,8899,,,,,,,,,,,0.5009973049163818,,,,,,,,
0,8999,,,,,,,,,,,0.6585472822189331,,,,,,,,
0,9099,,,,,,,,,,,0.5545839071273804,,,,,,,,
0,9199,,,,,,,,,,,0.6343241930007935,,,,,,,,
0,9299,,,,,,,,,,,0.5881609916687012,,,,,,,,
0,9399,,,,,,,,,,,0.5321967601776123,,,,,,,,
0,9499,,,,,,,,,,,0.5582167506217957,,,,,,,,
0,9599,,,,,,,,,,,0.5092695951461792,,,,,,,,
0,9699,,,,,,,,,,,0.6388694047927856,,,,,,,,
0,9799,,,,,,,,,,,0.6185444593429565,,,,,,,,
0,9899,,,,,,,,,,,0.5711125731468201,,,,,,,,
0,9999,,,,,,,,,,,0.5518050193786621,,,,,,,,
0,10099,,,,,,,,,,,0.6461799740791321,,,,,,,,
0,10199,,,,,,,,,,,0.6920058727264404,,,,,,,,
0,10299,,,,,,,,,,,0.5716935396194458,,,,,,,,
0,10399,,,,,,,,,,,0.489063024520874,,,,,,,,
0,10499,,,,,,,,,,,0.5850634574890137,,,,,,,,
0,10599,,,,,,,,,,,0.6752934455871582,,,,,,,,
0,10699,,,,,,,,,,,0.6408848166465759,,,,,,,,
0,10799,,,,,,,,,,,0.7568386793136597,,,,,,,,
0,10899,,,,,,,,,,,0.4746691584587097,,,,,,,,
0,10999,,,,,,,,,,,0.6192192435264587,,,,,,,,
0,11099,,,,,,,,,,,0.5656348466873169,,,,,,,,
0,11199,,,,,,,,,,,0.5885719060897827,,,,,,,,
0,11299,,,,,,,,,,,0.5565549731254578,,,,,,,,
0,11399,,,,,,,,,,,0.6608209013938904,,,,,,,,
0,11499,,,,,,,,,,,0.5186196565628052,,,,,,,,
0,11599,,,,,,,,,,,0.5898544788360596,,,,,,,,
0,11699,,,,,,,,,,,0.6299769282341003,,,,,,,,
0,11799,,,,,,,,,,,0.5382155776023865,,,,,,,,
0,11899,,,,,,,,,,,0.6260195970535278,,,,,,,,
0,11999,,,,,,,,,,,0.5634841918945312,,,,,,,,
0,12099,,,,,,,,,,,0.6340702772140503,,,,,,,,
0,12199,,,,,,,,,,,0.4993468225002289,,,,,,,,
0,12299,,,,,,,,,,,0.7930107116699219,,,,,,,,
0,12399,,,,,,,,,,,0.6680130362510681,,,,,,,,
0,12499,,,,,,,,,,,0.8305206298828125,,,,,,,,
0,12599,,,,,,,,,,,0.6331039667129517,,,,,,,,
0,12699,,,,,,,,,,,0.6460496187210083,,,,,,,,
0,12799,,,,,,,,,,,0.6431689262390137,,,,,,,,
0,12899,,,,,,,,,,,0.6764544248580933,,,,,,,,
0,12999,,,,,,,,,,,0.7756966352462769,,,,,,,,
0,13099,,,,,,,,,,,0.6975729465484619,,,,,,,,
0,13199,,,,,,,,,,,0.7041201591491699,,,,,,,,
0,13299,,,,,,,,,,,0.5451397895812988,,,,,,,,
0,13399,,,,,,,,,,,0.5310134291648865,,,,,,,,
0,13499,,,,,,,,,,,0.46436190605163574,,,,,,,,
0,13599,,,,,,,,,,,0.5439482927322388,,,,,,,,
0,13699,,,,,,,,,,,0.5334274768829346,,,,,,,,
0,13799,,,,,,,,,,,0.6291719675064087,,,,,,,,
0,13899,,,,,,,,,,,0.5994669198989868,,,,,,,,
0,13999,,,,,,,,,,,0.5401347875595093,,,,,,,,
0,14099,,,,,,,,,,,0.5895112752914429,,,,,,,,
0,14199,,,,,,,,,,,0.6372278928756714,,,,,,,,
0,14299,,,,,,,,,,,0.6034840941429138,,,,,,,,
0,14399,,,,,,,,,,,0.6531131863594055,,,,,,,,
0,14499,,,,,,,,,,,0.5858527421951294,,,,,,,,
0,14599,,,,,,,,,,,0.5586066246032715,,,,,,,,
0,14699,,,,,,,,,,,0.5720999240875244,,,,,,,,
0,14799,,,,,,,,,,,0.6207895278930664,,,,,,,,
0,14899,,,,,,,,,,,0.6449843645095825,,,,,,,,
0,14999,,,,,,,,,,,0.4692067503929138,,,,,,,,
0,15099,,,,,,,,,,,0.5479006171226501,,,,,,,,
0,15199,,,,,,,,,,,0.49711138010025024,,,,,,,,
0,15299,,,,,,,,,,,0.6083483099937439,,,,,,,,
0,15399,,,,,,,,,,,0.5337241291999817,,,,,,,,
0,15499,,,,,,,,,,,0.6844507455825806,,,,,,,,
0,15599,,,,,,,,,,,0.5500518083572388,,,,,,,,
0,15699,,,,,,,,,,,0.5957140326499939,,,,,,,,
0,15799,,,,,,,,,,,0.5347477197647095,,,,,,,,
0,15899,,,,,,,,,,,0.5845649838447571,,,,,,,,
0,15999,,,,,,,,,,,0.6606441736221313,,,,,,,,
0,16099,,,,,,,,,,,0.6673261523246765,,,,,,,,
0,16199,,,,,,,,,,,0.5158580541610718,,,,,,,,
0,16299,,,,,,,,,,,0.5012863874435425,,,,,,,,
0,16399,,,,,,,,,,,0.40799206495285034,,,,,,,,
0,16499,,,,,,,,,,,0.565828800201416,,,,,,,,
0,16599,,,,,,,,,,,0.5171592235565186,,,,,,,,
0,16699,,,,,,,,,,,0.6334624886512756,,,,,,,,
0,16799,,,,,,,,,,,0.6316001415252686,,,,,,,,
0,16899,,,,,,,,,,,0.551160454750061,,,,,,,,
0,16999,,,,,,,,,,,0.5773226022720337,,,,,,,,
0,17099,,,,,,,,,,,0.7135751247406006,,,,,,,,
0,17199,,,,,,,,,,,0.5066996812820435,,,,,,,,
0,17299,,,,,,,,,,,0.5052609443664551,,,,,,,,
0,17399,,,,,,,,,,,0.6015269756317139,,,,,,,,
0,17499,,,,,,,,,,,0.46970513463020325,,,,,,,,
0,17599,,,,,,,,,,,0.6888865232467651,,,,,,,,
0,17699,,,,,,,,,,,0.5407322645187378,,,,,,,,
0,17799,,,,,,,,,,,0.536518394947052,,,,,,,,
0,17899,,,,,,,,,,,0.6322694420814514,,,,,,,,
0,17999,,,,,,,,,,,0.6060736775398254,,,,,,,,
0,18099,,,,,,,,,,,0.5739775896072388,,,,,,,,
0,18199,,,,,,,,,,,0.7455739974975586,,,,,,,,
0,18299,,,,,,,,,,,0.554487943649292,,,,,,,,
0,18399,,,,,,,,,,,0.5906935334205627,,,,,,,,
0,18499,,,,,,,,,,,0.6194036602973938,,,,,,,,
0,18599,,,,,,,,,,,0.5764933824539185,,,,,,,,
0,18699,,,,,,,,,,,0.5331825613975525,,,,,,,,
0,18799,,,,,,,,,,,0.48070234060287476,,,,,,,,
0,18899,,,,,,,,,,,0.773961067199707,,,,,,,,
0,18999,,,,,,,,,,,0.5699953436851501,,,,,,,,
0,19099,,,,,,,,,,,0.5778644680976868,,,,,,,,
0,19199,,,,,,,,,,,0.548229992389679,,,,,,,,
0,19299,,,,,,,,,,,0.4594292938709259,,,,,,,,
0,19399,,,,,,,,,,,0.6545438170433044,,,,,,,,
0,19499,,,,,,,,,,,0.4741731286048889,,,,,,,,
0,19599,,,,,,,,,,,0.5792948603630066,,,,,,,,
0,19699,,,,,,,,,,,0.5133954286575317,,,,,,,,
0,19799,,,,,,,,,,,0.5733194947242737,,,,,,,,
0,19899,,,,,,,,,,,0.5514596700668335,,,,,,,,
0,19999,,,,,,,,,,,0.5660497546195984,,,,,,,,
0,20099,,,,,,,,,,,0.47658756375312805,,,,,,,,
0,20199,,,,,,,,,,,0.6295877695083618,,,,,,,,
0,20299,,,,,,,,,,,0.5574327111244202,,,,,,,,
0,20399,,,,,,,,,,,0.49323299527168274,,,,,,,,
0,20499,,,,,,,,,,,0.5034835338592529,,,,,,,,
0,20599,,,,,,,,,,,0.6141629219055176,,,,,,,,
0,20699,,,,,,,,,,,0.6640437841415405,,,,,,,,
0,20799,,,,,,,,,,,0.5428634285926819,,,,,,,,
0,20899,,,,,,,,,,,0.6337212324142456,,,,,,,,
0,20999,,,,,,,,,,,0.41755667328834534,,,,,,,,
0,21099,,,,,,,,,,,0.5586332678794861,,,,,,,,
0,21199,,,,,,,,,,,0.6980151534080505,,,,,,,,
0,21299,,,,,,,,,,,0.43979889154434204,,,,,,,,
0,21399,,,,,,,,,,,0.6872768402099609,,,,,,,,
0,21499,,,,,,,,,,,0.6050268411636353,,,,,,,,
0,21599,,,,,,,,,,,0.5550130009651184,,,,,,,,
0,21699,,,,,,,,,,,0.6118178367614746,,,,,,,,
0,21799,,,,,,,,,,,0.4806186556816101,,,,,,,,
0,21899,,,,,,,,,,,0.48749157786369324,,,,,,,,
0,21999,,,,,,,,,,,0.5057958364486694,,,,,,,,
0,22099,,,,,,,,,,,0.5133472681045532,,,,,,,,
0,22199,,,,,,,,,,,0.553556501865387,,,,,,,,
0,22299,,,,,,,,,,,0.5644559264183044,,,,,,,,
0,22399,,,,,,,,,,,0.6066809296607971,,,,,,,,
0,22499,,,,,,,,,,,0.47963857650756836,,,,,,,,
0,22599,,,,,,,,,,,0.5034899711608887,,,,,,,,
0,22699,,,,,,,,,,,0.5354551672935486,,,,,,,,
0,22799,,,,,,,,,,,0.5446762442588806,,,,,,,,
0,22899,,,,,,,,,,,0.5582298040390015,,,,,,,,
0,22999,,,,,,,,,,,0.6285845041275024,,,,,,,,
0,23099,,,,,,,,,,,0.6808233261108398,,,,,,,,
0,23199,,,,,,,,,,,0.6455280780792236,,,,,,,,
0,23299,,,,,,,,,,,0.6243666410446167,,,,,,,,
0,23399,,,,,,,,,,,0.6833856105804443,,,,,,,,
0,23499,,,,,,,,,,,0.35107648372650146,,,,,,,,
0,23599,,,,,,,,,,,0.6619133949279785,,,,,,,,
0,23699,,,,,,,,,,,0.6124492883682251,,,,,,,,
0,23799,,,,,,,,,,,0.5834298133850098,,,,,,,,
0,23899,,,,,,,,,,,0.5830448865890503,,,,,,,,
0,23999,,,,,,,,,,,0.5626232028007507,,,,,,,,
0,24099,,,,,,,,,,,0.4642241895198822,,,,,,,,
0,24199,,,,,,,,,,,0.4703863263130188,,,,,,,,
0,24299,,,,,,,,,,,0.5291518568992615,,,,,,,,
0,24399,,,,,,,,,,,0.6205687522888184,,,,,,,,
0,24499,,,,,,,,,,,0.425470232963562,,,,,,,,
0,24599,,,,,,,,,,,0.6593635082244873,,,,,,,,
0,24699,,,,,,,,,,,0.5991020798683167,,,,,,,,
0,24799,,,,,,,,,,,0.5012655258178711,,,,,,,,
0,24899,,,,,,,,,,,0.6031461954116821,,,,,,,,
0,24999,,,,,,,,,,,0.6049953699111938,,,,,,,,
0,25099,,,,,,,,,,,0.630347728729248,,,,,,,,
0,25199,,,,,,,,,,,0.4394858777523041,,,,,,,,
0,25299,,,,,,,,,,,0.5899771451950073,,,,,,,,
0,25359,,,,,,,,,,,,,,0.714911699295044,0.779872477054596,0.7865369915962219,0.5357834696769714,0.7393669486045837,0.840135931968689
0,25359,,,,,,,0.6674093008041382,0.6985230445861816,0.7633334398269653,0.5990882515907288,,0.6857486963272095,0.860713541507721,,,,,,
1,25399,,,,,,,,,,,0.5718190670013428,,,,,,,,
1,25499,,,,,,,,,,,0.5787216424942017,,,,,,,,
1,25599,,,,,,,,,,,0.6040789484977722,,,,,,,,
1,25699,,,,,,,,,,,0.4566715359687805,,,,,,,,
1,25799,,,,,,,,,,,0.6550934314727783,,,,,,,,
1,25899,,,,,,,,,,,0.3660445213317871,,,,,,,,
1,25999,,,,,,,,,,,0.670717716217041,,,,,,,,
1,26099,,,,,,,,,,,0.5081634521484375,,,,,,,,
1,26199,,,,,,,,,,,0.5938091278076172,,,,,,,,
1,26299,,,,,,,,,,,0.5218616127967834,,,,,,,,
1,26399,,,,,,,,,,,0.5361855030059814,,,,,,,,
1,26499,,,,,,,,,,,0.6827536821365356,,,,,,,,
1,26599,,,,,,,,,,,0.5068433284759521,,,,,,,,
1,26699,,,,,,,,,,,0.6253724098205566,,,,,,,,
1,26799,,,,,,,,,,,0.4482575058937073,,,,,,,,
1,26899,,,,,,,,,,,0.5306856632232666,,,,,,,,
1,26999,,,,,,,,,,,0.4566725194454193,,,,,,,,
1,27099,,,,,,,,,,,0.47252345085144043,,,,,,,,
1,27199,,,,,,,,,,,0.4180601239204407,,,,,,,,
1,27299,,,,,,,,,,,0.624005138874054,,,,,,,,
1,27399,,,,,,,,,,,0.6104873418807983,,,,,,,,
1,27499,,,,,,,,,,,0.5108948945999146,,,,,,,,
1,27599,,,,,,,,,,,0.6055418252944946,,,,,,,,
1,27699,,,,,,,,,,,0.5347283482551575,,,,,,,,
1,27799,,,,,,,,,,,0.4643366038799286,,,,,,,,
1,27899,,,,,,,,,,,0.5399311780929565,,,,,,,,
1,27999,,,,,,,,,,,0.6303563117980957,,,,,,,,
1,28099,,,,,,,,,,,0.5333727598190308,,,,,,,,
1,28199,,,,,,,,,,,0.49540841579437256,,,,,,,,
1,28299,,,,,,,,,,,0.6465622186660767,,,,,,,,
1,28399,,,,,,,,,,,0.5673267245292664,,,,,,,,
1,28499,,,,,,,,,,,0.5049930810928345,,,,,,,,
1,28599,,,,,,,,,,,0.48931044340133667,,,,,,,,
1,28699,,,,,,,,,,,0.4144230782985687,,,,,,,,
1,28799,,,,,,,,,,,0.607520580291748,,,,,,,,
1,28899,,,,,,,,,,,0.5440037250518799,,,,,,,,
1,28999,,,,,,,,,,,0.6280319094657898,,,,,,,,
1,29099,,,,,,,,,,,0.4817989468574524,,,,,,,,
1,29199,,,,,,,,,,,0.5984770655632019,,,,,,,,
1,29299,,,,,,,,,,,0.4114086925983429,,,,,,,,
1,29399,,,,,,,,,,,0.5116583704948425,,,,,,,,
1,29499,,,,,,,,,,,0.5072404146194458,,,,,,,,
1,29599,,,,,,,,,,,0.704963743686676,,,,,,,,
1,29699,,,,,,,,,,,0.43599840998649597,,,,,,,,
1,29799,,,,,,,,,,,0.5146777629852295,,,,,,,,
1,29899,,,,,,,,,,,0.6035414934158325,,,,,,,,
1,29999,,,,,,,,,,,0.5178999900817871,,,,,,,,
1,30099,,,,,,,,,,,0.5393041968345642,,,,,,,,
1,30199,,,,,,,,,,,0.49884968996047974,,,,,,,,
1,30299,,,,,,,,,,,0.6155691742897034,,,,,,,,
1,30399,,,,,,,,,,,0.48029154539108276,,,,,,,,
1,30499,,,,,,,,,,,0.4161908030509949,,,,,,,,
1,30599,,,,,,,,,,,0.5091781616210938,,,,,,,,
1,30699,,,,,,,,,,,0.5224345922470093,,,,,,,,
1,30799,,,,,,,,,,,0.42855292558670044,,,,,,,,
1,30899,,,,,,,,,,,0.5528980493545532,,,,,,,,
1,30999,,,,,,,,,,,0.8234785795211792,,,,,,,,
1,31099,,,,,,,,,,,0.51310133934021,,,,,,,,
1,31199,,,,,,,,,,,0.436010479927063,,,,,,,,
1,31299,,,,,,,,,,,0.6492276191711426,,,,,,,,
1,31399,,,,,,,,,,,0.4873420298099518,,,,,,,,
1,31499,,,,,,,,,,,0.6006084680557251,,,,,,,,
1,31599,,,,,,,,,,,0.5148633718490601,,,,,,,,
1,31699,,,,,,,,,,,0.5456949472427368,,,,,,,,
1,31799,,,,,,,,,,,0.47426989674568176,,,,,,,,
1,31899,,,,,,,,,,,0.4914780259132385,,,,,,,,
1,31999,,,,,,,,,,,0.519041895866394,,,,,,,,
1,32099,,,,,,,,,,,0.47713184356689453,,,,,,,,
1,32199,,,,,,,,,,,0.5951319932937622,,,,,,,,
1,32299,,,,,,,,,,,0.6263833045959473,,,,,,,,
1,32399,,,,,,,,,,,0.6384731531143188,,,,,,,,
1,32499,,,,,,,,,,,0.5896943807601929,,,,,,,,
1,32599,,,,,,,,,,,0.5027028322219849,,,,,,,,
1,32699,,,,,,,,,,,0.45475664734840393,,,,,,,,
1,32799,,,,,,,,,,,0.3945244550704956,,,,,,,,
1,32899,,,,,,,,,,,0.5350866317749023,,,,,,,,
1,32999,,,,,,,,,,,0.5225756764411926,,,,,,,,
1,33099,,,,,,,,,,,0.6259738206863403,,,,,,,,
1,33199,,,,,,,,,,,0.5879408121109009,,,,,,,,
1,33299,,,,,,,,,,,0.5109809637069702,,,,,,,,
1,33399,,,,,,,,,,,0.493513286113739,,,,,,,,
1,33499,,,,,,,,,,,0.5375863313674927,,,,,,,,
1,33599,,,,,,,,,,,0.5042747259140015,,,,,,,,
1,33699,,,,,,,,,,,0.5389219522476196,,,,,,,,
1,33799,,,,,,,,,,,0.4378608167171478,,,,,,,,
1,33899,,,,,,,,,,,0.5827885270118713,,,,,,,,
1,33999,,,,,,,,,,,0.36828121542930603,,,,,,,,
1,34099,,,,,,,,,,,0.5235066413879395,,,,,,,,
1,34199,,,,,,,,,,,0.5990157723426819,,,,,,,,
1,34299,,,,,,,,,,,0.5679934620857239,,,,,,,,
1,34399,,,,,,,,,,,0.39286577701568604,,,,,,,,
1,34499,,,,,,,,,,,0.5376958250999451,,,,,,,,
1,34599,,,,,,,,,,,0.47675490379333496,,,,,,,,
1,34699,,,,,,,,,,,0.4242434799671173,,,,,,,,
1,34799,,,,,,,,,,,0.6061164140701294,,,,,,,,
1,34899,,,,,,,,,,,0.4638000726699829,,,,,,,,
1,34999,,,,,,,,,,,0.5583359599113464,,,,,,,,
1,35099,,,,,,,,,,,0.5587716102600098,,,,,,,,
1,35199,,,,,,,,,,,0.4496309459209442,,,,,,,,
1,35299,,,,,,,,,,,0.5292967557907104,,,,,,,,
1,35399,,,,,,,,,,,0.46100062131881714,,,,,,,,
1,35499,,,,,,,,,,,0.4011027216911316,,,,,,,,
1,35599,,,,,,,,,,,0.5738527774810791,,,,,,,,
1,35699,,,,,,,,,,,0.5065979957580566,,,,,,,,
1,35799,,,,,,,,,,,0.5254411697387695,,,,,,,,
1,35899,,,,,,,,,,,0.4574129283428192,,,,,,,,
1,35999,,,,,,,,,,,0.5372182130813599,,,,,,,,
1,36099,,,,,,,,,,,0.6517834663391113,,,,,,,,
1,36199,,,,,,,,,,,0.41299304366111755,,,,,,,,
1,36299,,,,,,,,,,,0.506653904914856,,,,,,,,
1,36399,,,,,,,,,,,0.553483247756958,,,,,,,,
1,36499,,,,,,,,,,,0.5835301280021667,,,,,,,,
1,36599,,,,,,,,,,,0.5866976380348206,,,,,,,,
1,36699,,,,,,,,,,,0.5639443397521973,,,,,,,,
1,36799,,,,,,,,,,,0.5809306502342224,,,,,,,,
1,36899,,,,,,,,,,,0.4545111656188965,,,,,,,,
1,36999,,,,,,,,,,,0.6433992385864258,,,,,,,,
1,37099,,,,,,,,,,,0.4896191954612732,,,,,,,,
1,37199,,,,,,,,,,,0.5191941261291504,,,,,,,,
1,37299,,,,,,,,,,,0.7081813812255859,,,,,,,,
1,37399,,,,,,,,,,,0.4248397946357727,,,,,,,,
1,37499,,,,,,,,,,,0.4633813500404358,,,,,,,,
1,37599,,,,,,,,,,,0.5628065466880798,,,,,,,,
1,37699,,,,,,,,,,,0.367639422416687,,,,,,,,
1,37799,,,,,,,,,,,0.542253851890564,,,,,,,,
1,37899,,,,,,,,,,,0.45289355516433716,,,,,,,,
1,37999,,,,,,,,,,,0.6543477773666382,,,,,,,,
1,38099,,,,,,,,,,,0.5516687631607056,,,,,,,,
1,38199,,,,,,,,,,,0.5086122155189514,,,,,,,,
1,38299,,,,,,,,,,,0.6976022720336914,,,,,,,,
1,38399,,,,,,,,,,,0.4432583451271057,,,,,,,,
1,38499,,,,,,,,,,,0.49357184767723083,,,,,,,,
1,38599,,,,,,,,,,,0.4463779628276825,,,,,,,,
1,38699,,,,,,,,,,,0.5521020889282227,,,,,,,,
1,38799,,,,,,,,,,,0.5582288503646851,,,,,,,,
1,38899,,,,,,,,,,,0.5429382920265198,,,,,,,,
1,38999,,,,,,,,,,,0.49173057079315186,,,,,,,,
1,39099,,,,,,,,,,,0.5169976949691772,,,,,,,,
1,39199,,,,,,,,,,,0.556387722492218,,,,,,,,
1,39299,,,,,,,,,,,0.6618859767913818,,,,,,,,
1,39399,,,,,,,,,,,0.7315237522125244,,,,,,,,
1,39499,,,,,,,,,,,0.5674031972885132,,,,,,,,
1,39599,,,,,,,,,,,0.45982807874679565,,,,,,,,
1,39699,,,,,,,,,,,0.552500307559967,,,,,,,,
1,39799,,,,,,,,,,,0.5938119888305664,,,,,,,,
1,39899,,,,,,,,,,,0.5009353756904602,,,,,,,,
1,39999,,,,,,,,,,,0.3559724688529968,,,,,,,,
1,40099,,,,,,,,,,,0.475497841835022,,,,,,,,
1,40199,,,,,,,,,,,0.6306293606758118,,,,,,,,
1,40299,,,,,,,,,,,0.6095244288444519,,,,,,,,
1,40399,,,,,,,,,,,0.49087828397750854,,,,,,,,
1,40499,,,,,,,,,,,0.4958970546722412,,,,,,,,
1,40599,,,,,,,,,,,0.5280643105506897,,,,,,,,
1,40699,,,,,,,,,,,0.47598081827163696,,,,,,,,
1,40799,,,,,,,,,,,0.4907453954219818,,,,,,,,
1,40899,,,,,,,,,,,0.37877023220062256,,,,,,,,
1,40999,,,,,,,,,,,0.4694223403930664,,,,,,,,
1,41099,,,,,,,,,,,0.5844894647598267,,,,,,,,
1,41199,,,,,,,,,,,0.6928039193153381,,,,,,,,
1,41299,,,,,,,,,,,0.44358012080192566,,,,,,,,
1,41399,,,,,,,,,,,0.629198431968689,,,,,,,,
1,41499,,,,,,,,,,,0.5452497005462646,,,,,,,,
1,41599,,,,,,,,,,,0.4473319351673126,,,,,,,,
1,41699,,,,,,,,,,,0.3704043924808502,,,,,,,,
1,41799,,,,,,,,,,,0.5975004434585571,,,,,,,,
1,41899,,,,,,,,,,,0.49787279963493347,,,,,,,,
1,41999,,,,,,,,,,,0.4836450219154358,,,,,,,,
1,42099,,,,,,,,,,,0.49487820267677307,,,,,,,,
1,42199,,,,,,,,,,,0.6985898613929749,,,,,,,,
1,42299,,,,,,,,,,,0.5405137538909912,,,,,,,,
1,42399,,,,,,,,,,,0.6208285093307495,,,,,,,,
1,42499,,,,,,,,,,,0.47094738483428955,,,,,,,,
1,42599,,,,,,,,,,,0.4220444858074188,,,,,,,,
1,42699,,,,,,,,,,,0.5428744554519653,,,,,,,,
1,42799,,,,,,,,,,,0.5406833291053772,,,,,,,,
1,42899,,,,,,,,,,,0.5603480935096741,,,,,,,,
1,42999,,,,,,,,,,,0.44118839502334595,,,,,,,,
1,43099,,,,,,,,,,,0.4396872818470001,,,,,,,,
1,43199,,,,,,,,,,,0.4209480881690979,,,,,,,,
1,43299,,,,,,,,,,,0.5126994252204895,,,,,,,,
1,43399,,,,,,,,,,,0.5160030126571655,,,,,,,,
1,43499,,,,,,,,,,,0.4390341639518738,,,,,,,,
1,43599,,,,,,,,,,,0.487533837556839,,,,,,,,
1,43699,,,,,,,,,,,0.46678972244262695,,,,,,,,
1,43799,,,,,,,,,,,0.5111806392669678,,,,,,,,
1,43899,,,,,,,,,,,0.6323865056037903,,,,,,,,
1,43999,,,,,,,,,,,0.593782901763916,,,,,,,,
1,44099,,,,,,,,,,,0.7152778506278992,,,,,,,,
1,44199,,,,,,,,,,,0.5756993889808655,,,,,,,,
1,44299,,,,,,,,,,,0.5664719343185425,,,,,,,,
1,44399,,,,,,,,,,,0.5452173948287964,,,,,,,,
1,44499,,,,,,,,,,,0.47034507989883423,,,,,,,,
1,44599,,,,,,,,,,,0.5552111864089966,,,,,,,,
1,44699,,,,,,,,,,,0.4951847493648529,,,,,,,,
1,44799,,,,,,,,,,,0.43509653210639954,,,,,,,,
1,44899,,,,,,,,,,,0.5624562501907349,,,,,,,,
1,44999,,,,,,,,,,,0.6403607130050659,,,,,,,,
1,45099,,,,,,,,,,,0.4872300624847412,,,,,,,,
1,45199,,,,,,,,,,,0.597075343132019,,,,,,,,
1,45299,,,,,,,,,,,0.681118369102478,,,,,,,,
1,45399,,,,,,,,,,,0.39730799198150635,,,,,,,,
1,45499,,,,,,,,,,,0.3789801299571991,,,,,,,,
1,45599,,,,,,,,,,,0.5736664533615112,,,,,,,,
1,45699,,,,,,,,,,,0.3586018681526184,,,,,,,,
1,45799,,,,,,,,,,,0.44643208384513855,,,,,,,,
1,45899,,,,,,,,,,,0.6201391220092773,,,,,,,,
1,45999,,,,,,,,,,,0.46832871437072754,,,,,,,,
1,46099,,,,,,,,,,,0.4847322702407837,,,,,,,,
1,46199,,,,,,,,,,,0.5075153112411499,,,,,,,,
1,46299,,,,,,,,,,,0.5476188659667969,,,,,,,,
1,46399,,,,,,,,,,,0.43928784132003784,,,,,,,,
1,46499,,,,,,,,,,,0.3796440660953522,,,,,,,,
1,46599,,,,,,,,,,,0.3921091556549072,,,,,,,,
1,46699,,,,,,,,,,,0.4463047981262207,,,,,,,,
1,46799,,,,,,,,,,,0.643204391002655,,,,,,,,
1,46899,,,,,,,,,,,0.4457870125770569,,,,,,,,
1,46999,,,,,,,,,,,0.39884692430496216,,,,,,,,
1,47099,,,,,,,,,,,0.6186888217926025,,,,,,,,
1,47199,,,,,,,,,,,0.5441640615463257,,,,,,,,
1,47299,,,,,,,,,,,0.6764596700668335,,,,,,,,
1,47399,,,,,,,,,,,0.4260020852088928,,,,,,,,
1,47499,,,,,,,,,,,0.4895026683807373,,,,,,,,
1,47599,,,,,,,,,,,0.5653606653213501,,,,,,,,
1,47699,,,,,,,,,,,0.500423014163971,,,,,,,,
1,47799,,,,,,,,,,,0.6919502019882202,,,,,,,,
1,47899,,,,,,,,,,,0.5317726135253906,,,,,,,,
1,47999,,,,,,,,,,,0.3900288939476013,,,,,,,,
1,48099,,,,,,,,,,,0.6717373132705688,,,,,,,,
1,48199,,,,,,,,,,,0.6680271029472351,,,,,,,,
1,48299,,,,,,,,,,,0.5426895618438721,,,,,,,,
1,48399,,,,,,,,,,,0.5575813055038452,,,,,,,,
1,48499,,,,,,,,,,,0.4833129942417145,,,,,,,,
1,48599,,,,,,,,,,,0.45324939489364624,,,,,,,,
1,48699,,,,,,,,,,,0.501697301864624,,,,,,,,
1,48799,,,,,,,,,,,0.4173516631126404,,,,,,,,
1,48899,,,,,,,,,,,0.5184981226921082,,,,,,,,
1,48999,,,,,,,,,,,0.6037453413009644,,,,,,,,
1,49099,,,,,,,,,,,0.46381521224975586,,,,,,,,
1,49199,,,,,,,,,,,0.40330153703689575,,,,,,,,
1,49299,,,,,,,,,,,0.5052076578140259,,,,,,,,
1,49399,,,,,,,,,,,0.492627888917923,,,,,,,,
1,49499,,,,,,,,,,,0.5663728713989258,,,,,,,,
1,49599,,,,,,,,,,,0.6225981712341309,,,,,,,,
1,49699,,,,,,,,,,,0.48067042231559753,,,,,,,,
1,49799,,,,,,,,,,,0.46252670884132385,,,,,,,,
1,49899,,,,,,,,,,,0.5340279340744019,,,,,,,,
1,49999,,,,,,,,,,,0.5241366624832153,,,,,,,,
1,50099,,,,,,,,,,,0.4312235116958618,,,,,,,,
1,50199,,,,,,,,,,,0.42611265182495117,,,,,,,,
1,50299,,,,,,,,,,,0.3922324776649475,,,,,,,,
1,50399,,,,,,,,,,,0.4284757077693939,,,,,,,,
1,50499,,,,,,,,,,,0.4487760663032532,,,,,,,,
1,50599,,,,,,,,,,,0.5667147040367126,,,,,,,,
1,50699,,,,,,,,,,,0.6120940446853638,,,,,,,,
1,50719,,,,,,,,,,,,,,0.7636873722076416,0.8601092100143433,0.829738974571228,0.4607008099555969,0.7548947334289551,0.921057403087616
1,50719,,,,,,,0.7262322306632996,0.7885143756866455,0.7935966849327087,0.5280714631080627,,0.7484246492385864,0.8445717692375183,,,,,,
2,50799,,,,,,,,,,,0.6224193572998047,,,,,,,,
2,50899,,,,,,,,,,,0.5308456420898438,,,,,,,,
2,50999,,,,,,,,,,,0.46066540479660034,,,,,,,,
2,51099,,,,,,,,,,,0.517926037311554,,,,,,,,
2,51199,,,,,,,,,,,0.5862659215927124,,,,,,,,
2,51299,,,,,,,,,,,0.4749740958213806,,,,,,,,
2,51399,,,,,,,,,,,0.4470345377922058,,,,,,,,
2,51499,,,,,,,,,,,0.5554641485214233,,,,,,,,
2,51599,,,,,,,,,,,0.5805531740188599,,,,,,,,
2,51699,,,,,,,,,,,0.6262607574462891,,,,,,,,
2,51799,,,,,,,,,,,0.4604358673095703,,,,,,,,
2,51899,,,,,,,,,,,0.5399922132492065,,,,,,,,
2,51999,,,,,,,,,,,0.5321334004402161,,,,,,,,
2,52099,,,,,,,,,,,0.6252363920211792,,,,,,,,
2,52199,,,,,,,,,,,0.5541901588439941,,,,,,,,
2,52299,,,,,,,,,,,0.4731287360191345,,,,,,,,
2,52399,,,,,,,,,,,0.43864554166793823,,,,,,,,
2,52499,,,,,,,,,,,0.4941268563270569,,,,,,,,
2,52599,,,,,,,,,,,0.3729737401008606,,,,,,,,
2,52699,,,,,,,,,,,0.5963364839553833,,,,,,,,
2,52799,,,,,,,,,,,0.5069332122802734,,,,,,,,
2,52899,,,,,,,,,,,0.5552711486816406,,,,,,,,
2,52999,,,,,,,,,,,0.4195542633533478,,,,,,,,
2,53099,,,,,,,,,,,0.4539250135421753,,,,,,,,
2,53199,,,,,,,,,,,0.6009660959243774,,,,,,,,
2,53299,,,,,,,,,,,0.6055759191513062,,,,,,,,
2,53399,,,,,,,,,,,0.4861786961555481,,,,,,,,
2,53499,,,,,,,,,,,0.4332290589809418,,,,,,,,
2,53599,,,,,,,,,,,0.5359148383140564,,,,,,,,
2,53699,,,,,,,,,,,0.5325042605400085,,,,,,,,
2,53799,,,,,,,,,,,0.4826495051383972,,,,,,,,
2,53899,,,,,,,,,,,0.4478265047073364,,,,,,,,
2,53999,,,,,,,,,,,0.4775972366333008,,,,,,,,
2,54099,,,,,,,,,,,0.3130004107952118,,,,,,,,
2,54199,,,,,,,,,,,0.3903232216835022,,,,,,,,
2,54299,,,,,,,,,,,0.5365523099899292,,,,,,,,
2,54399,,,,,,,,,,,0.7170543670654297,,,,,,,,
2,54499,,,,,,,,,,,0.4680834114551544,,,,,,,,
2,54599,,,,,,,,,,,0.344196081161499,,,,,,,,
2,54699,,,,,,,,,,,0.5153422355651855,,,,,,,,
2,54799,,,,,,,,,,,0.47075366973876953,,,,,,,,
2,54899,,,,,,,,,,,0.43414244055747986,,,,,,,,
2,54999,,,,,,,,,,,0.6913936138153076,,,,,,,,
2,55099,,,,,,,,,,,0.5851755142211914,,,,,,,,
2,55199,,,,,,,,,,,0.5228351950645447,,,,,,,,
2,55299,,,,,,,,,,,0.5072017312049866,,,,,,,,
2,55399,,,,,,,,,,,0.3663737177848816,,,,,,,,
2,55499,,,,,,,,,,,0.5053364038467407,,,,,,,,
2,55599,,,,,,,,,,,0.48085206747055054,,,,,,,,
2,55699,,,,,,,,,,,0.44102126359939575,,,,,,,,
2,55799,,,,,,,,,,,0.6371752023696899,,,,,,,,
2,55899,,,,,,,,,,,0.3679462671279907,,,,,,,,
2,55999,,,,,,,,,,,0.6047065258026123,,,,,,,,
2,56099,,,,,,,,,,,0.4179788827896118,,,,,,,,
2,56199,,,,,,,,,,,0.5220737457275391,,,,,,,,
2,56299,,,,,,,,,,,0.4081392288208008,,,,,,,,
2,56399,,,,,,,,,,,0.46238428354263306,,,,,,,,
2,56499,,,,,,,,,,,0.4287969470024109,,,,,,,,
2,56599,,,,,,,,,,,0.4376130700111389,,,,,,,,
2,56699,,,,,,,,,,,0.4315264821052551,,,,,,,,
2,56799,,,,,,,,,,,0.5061036944389343,,,,,,,,
2,56899,,,,,,,,,,,0.39659637212753296,,,,,,,,
2,56999,,,,,,,,,,,0.5894961953163147,,,,,,,,
2,57099,,,,,,,,,,,0.4565378427505493,,,,,,,,
2,57199,,,,,,,,,,,0.5477339029312134,,,,,,,,
2,57299,,,,,,,,,,,0.41923677921295166,,,,,,,,
2,57399,,,,,,,,,,,0.42887282371520996,,,,,,,,
2,57499,,,,,,,,,,,0.5363010168075562,,,,,,,,
2,57599,,,,,,,,,,,0.42684078216552734,,,,,,,,
2,57699,,,,,,,,,,,0.4139406681060791,,,,,,,,
2,57799,,,,,,,,,,,0.5024887323379517,,,,,,,,
2,57899,,,,,,,,,,,0.5157198309898376,,,,,,,,
2,57999,,,,,,,,,,,0.401608943939209,,,,,,,,
2,58099,,,,,,,,,,,0.44653552770614624,,,,,,,,
2,58199,,,,,,,,,,,0.5790694952011108,,,,,,,,
2,58299,,,,,,,,,,,0.5190852284431458,,,,,,,,
2,58399,,,,,,,,,,,0.3823642432689667,,,,,,,,
2,58499,,,,,,,,,,,0.43354788422584534,,,,,,,,
2,58599,,,,,,,,,,,0.5663709044456482,,,,,,,,
2,58699,,,,,,,,,,,0.4190508723258972,,,,,,,,
2,58799,,,,,,,,,,,0.5707728266716003,,,,,,,,
2,58899,,,,,,,,,,,0.5311386585235596,,,,,,,,
2,58999,,,,,,,,,,,0.5811562538146973,,,,,,,,
2,59099,,,,,,,,,,,0.4921351969242096,,,,,,,,
2,59199,,,,,,,,,,,0.4942825734615326,,,,,,,,
2,59299,,,,,,,,,,,0.5320345759391785,,,,,,,,
2,59399,,,,,,,,,,,0.5280300378799438,,,,,,,,
2,59499,,,,,,,,,,,0.48901817202568054,,,,,,,,
2,59599,,,,,,,,,,,0.5396491885185242,,,,,,,,
2,59699,,,,,,,,,,,0.5458070635795593,,,,,,,,
2,59799,,,,,,,,,,,0.5479703545570374,,,,,,,,
2,59899,,,,,,,,,,,0.5068486928939819,,,,,,,,
2,59999,,,,,,,,,,,0.4339458644390106,,,,,,,,
2,60099,,,,,,,,,,,0.4550073742866516,,,,,,,,
2,60199,,,,,,,,,,,0.5679692625999451,,,,,,,,
2,60299,,,,,,,,,,,0.5909040570259094,,,,,,,,
2,60399,,,,,,,,,,,0.5929822325706482,,,,,,,,
2,60499,,,,,,,,,,,0.5467079281806946,,,,,,,,
2,60599,,,,,,,,,,,0.5105375051498413,,,,,,,,
2,60699,,,,,,,,,,,0.44026875495910645,,,,,,,,
2,60799,,,,,,,,,,,0.7034924030303955,,,,,,,,
2,60899,,,,,,,,,,,0.5123586654663086,,,,,,,,
2,60999,,,,,,,,,,,0.5493481159210205,,,,,,,,
2,61099,,,,,,,,,,,0.5046365857124329,,,,,,,,
2,61199,,,,,,,,,,,0.4818900227546692,,,,,,,,
2,61299,,,,,,,,,,,0.6922183036804199,,,,,,,,
2,61399,,,,,,,,,,,0.5870203971862793,,,,,,,,
2,61499,,,,,,,,,,,0.541257381439209,,,,,,,,
2,61599,,,,,,,,,,,0.4014807939529419,,,,,,,,
2,61699,,,,,,,,,,,0.6382631659507751,,,,,,,,
2,61799,,,,,,,,,,,0.5125706195831299,,,,,,,,
2,61899,,,,,,,,,,,0.405438631772995,,,,,,,,
2,61999,,,,,,,,,,,0.4952932894229889,,,,,,,,
2,62099,,,,,,,,,,,0.516575276851654,,,,,,,,
2,62199,,,,,,,,,,,0.46582600474357605,,,,,,,,
2,62299,,,,,,,,,,,0.5010145902633667,,,,,,,,
2,62399,,,,,,,,,,,0.40736061334609985,,,,,,,,
2,62499,,,,,,,,,,,0.380147248506546,,,,,,,,
2,62599,,,,,,,,,,,0.34784990549087524,,,,,,,,
2,62699,,,,,,,,,,,0.3361772894859314,,,,,,,,
2,62799,,,,,,,,,,,0.5771726369857788,,,,,,,,
2,62899,,,,,,,,,,,0.46821078658103943,,,,,,,,
2,62999,,,,,,,,,,,0.4145035743713379,,,,,,,,
2,63099,,,,,,,,,,,0.6034752130508423,,,,,,,,
2,63199,,,,,,,,,,,0.3323007822036743,,,,,,,,
2,63299,,,,,,,,,,,0.5177841782569885,,,,,,,,
2,63399,,,,,,,,,,,0.47693219780921936,,,,,,,,
2,63499,,,,,,,,,,,0.3986365497112274,,,,,,,,
2,63599,,,,,,,,,,,0.3635868430137634,,,,,,,,
2,63699,,,,,,,,,,,0.42648935317993164,,,,,,,,
2,63799,,,,,,,,,,,0.28600090742111206,,,,,,,,
2,63899,,,,,,,,,,,0.5748491287231445,,,,,,,,
2,63999,,,,,,,,,,,0.5728996992111206,,,,,,,,
2,64099,,,,,,,,,,,0.4653579592704773,,,,,,,,
2,64199,,,,,,,,,,,0.6038400530815125,,,,,,,,
2,64299,,,,,,,,,,,0.6850085854530334,,,,,,,,
2,64399,,,,,,,,,,,0.3881306052207947,,,,,,,,
2,64499,,,,,,,,,,,0.4348931312561035,,,,,,,,
2,64599,,,,,,,,,,,0.5678297281265259,,,,,,,,
2,64699,,,,,,,,,,,0.45768600702285767,,,,,,,,
2,64799,,,,,,,,,,,0.5488291382789612,,,,,,,,
2,64899,,,,,,,,,,,0.46390512585639954,,,,,,,,
2,64999,,,,,,,,,,,0.3530031442642212,,,,,,,,
2,65099,,,,,,,,,,,0.4660317301750183,,,,,,,,
2,65199,,,,,,,,,,,0.4133939743041992,,,,,,,,
2,65299,,,,,,,,,,,0.5638777017593384,,,,,,,,
2,65399,,,,,,,,,,,0.45370015501976013,,,,,,,,
2,65499,,,,,,,,,,,0.4165204167366028,,,,,,,,
2,65599,,,,,,,,,,,0.5385568141937256,,,,,,,,
2,65699,,,,,,,,,,,0.5382612347602844,,,,,,,,
2,65799,,,,,,,,,,,0.2881650924682617,,,,,,,,
2,65899,,,,,,,,,,,0.33826354146003723,,,,,,,,
2,65999,,,,,,,,,,,0.3446221947669983,,,,,,,,
2,66099,,,,,,,,,,,0.46410760283470154,,,,,,,,
2,66199,,,,,,,,,,,0.37174373865127563,,,,,,,,
2,66299,,,,,,,,,,,0.4336298704147339,,,,,,,,
2,66399,,,,,,,,,,,0.5610846281051636,,,,,,,,
2,66499,,,,,,,,,,,0.42723673582077026,,,,,,,,
2,66599,,,,,,,,,,,0.49019283056259155,,,,,,,,
2,66699,,,,,,,,,,,0.44129854440689087,,,,,,,,
2,66799,,,,,,,,,,,0.41028058528900146,,,,,,,,
2,66899,,,,,,,,,,,0.4861757159233093,,,,,,,,
2,66999,,,,,,,,,,,0.5141185522079468,,,,,,,,
2,67099,,,,,,,,,,,0.47995591163635254,,,,,,,,
2,67199,,,,,,,,,,,0.5197296142578125,,,,,,,,
2,67299,,,,,,,,,,,0.41041266918182373,,,,,,,,
2,67399,,,,,,,,,,,0.40023180842399597,,,,,,,,
2,67499,,,,,,,,,,,0.4839635193347931,,,,,,,,
2,67599,,,,,,,,,,,0.5693023204803467,,,,,,,,
2,67699,,,,,,,,,,,0.3936649560928345,,,,,,,,
2,67799,,,,,,,,,,,0.5475053191184998,,,,,,,,
2,67899,,,,,,,,,,,0.5641851425170898,,,,,,,,
2,67999,,,,,,,,,,,0.26500895619392395,,,,,,,,
2,68099,,,,,,,,,,,0.44034427404403687,,,,,,,,
2,68199,,,,,,,,,,,0.4568653702735901,,,,,,,,
2,68299,,,,,,,,,,,0.4970053434371948,,,,,,,,
2,68399,,,,,,,,,,,0.43038901686668396,,,,,,,,
2,68499,,,,,,,,,,,0.6230360865592957,,,,,,,,
2,68599,,,,,,,,,,,0.5141164064407349,,,,,,,,
2,68699,,,,,,,,,,,0.49850380420684814,,,,,,,,
2,68799,,,,,,,,,,,0.39990702271461487,,,,,,,,
2,68899,,,,,,,,,,,0.5613493919372559,,,,,,,,
2,68999,,,,,,,,,,,0.3084847629070282,,,,,,,,
2,69099,,,,,,,,,,,0.3299870491027832,,,,,,,,
2,69199,,,,,,,,,,,0.4913308322429657,,,,,,,,
2,69299,,,,,,,,,,,0.4195970892906189,,,,,,,,
2,69399,,,,,,,,,,,0.4858759045600891,,,,,,,,
2,69499,,,,,,,,,,,0.5849893689155579,,,,,,,,
2,69599,,,,,,,,,,,0.4598761796951294,,,,,,,,
2,69699,,,,,,,,,,,0.4092244505882263,,,,,,,,
2,69799,,,,,,,,,,,0.6410582065582275,,,,,,,,
2,69899,,,,,,,,,,,0.5223795771598816,,,,,,,,
2,69999,,,,,,,,,,,0.584834098815918,,,,,,,,
2,70099,,,,,,,,,,,0.549917995929718,,,,,,,,
2,70199,,,,,,,,,,,0.5878947377204895,,,,,,,,
2,70299,,,,,,,,,,,0.48643577098846436,,,,,,,,
2,70399,,,,,,,,,,,0.5028076767921448,,,,,,,,
2,70499,,,,,,,,,,,0.5268780589103699,,,,,,,,
2,70599,,,,,,,,,,,0.6231549978256226,,,,,,,,
2,70699,,,,,,,,,,,0.5832223892211914,,,,,,,,
2,70799,,,,,,,,,,,0.40795964002609253,,,,,,,,
2,70899,,,,,,,,,,,0.49003714323043823,,,,,,,,
2,70999,,,,,,,,,,,0.481935977935791,,,,,,,,
2,71099,,,,,,,,,,,0.49210822582244873,,,,,,,,
2,71199,,,,,,,,,,,0.40755340456962585,,,,,,,,
2,71299,,,,,,,,,,,0.4018542170524597,,,,,,,,
2,71399,,,,,,,,,,,0.5547197461128235,,,,,,,,
2,71499,,,,,,,,,,,0.5682814121246338,,,,,,,,
2,71599,,,,,,,,,,,0.3456646203994751,,,,,,,,
2,71699,,,,,,,,,,,0.35179826617240906,,,,,,,,
2,71799,,,,,,,,,,,0.508567750453949,,,,,,,,
2,71899,,,,,,,,,,,0.686847448348999,,,,,,,,
2,71999,,,,,,,,,,,0.40463775396347046,,,,,,,,
2,72099,,,,,,,,,,,0.4044792056083679,,,,,,,,
2,72199,,,,,,,,,,,0.4092555642127991,,,,,,,,
2,72299,,,,,,,,,,,0.5167123079299927,,,,,,,,
2,72399,,,,,,,,,,,0.37043243646621704,,,,,,,,
2,72499,,,,,,,,,,,0.3510717749595642,,,,,,,,
2,72599,,,,,,,,,,,0.4839233160018921,,,,,,,,
2,72699,,,,,,,,,,,0.39600419998168945,,,,,,,,
2,72799,,,,,,,,,,,0.4980131983757019,,,,,,,,
2,72899,,,,,,,,,,,0.44039496779441833,,,,,,,,
2,72999,,,,,,,,,,,0.5859606862068176,,,,,,,,
2,73099,,,,,,,,,,,0.4284462332725525,,,,,,,,
2,73199,,,,,,,,,,,0.32770422101020813,,,,,,,,
2,73299,,,,,,,,,,,0.46685537695884705,,,,,,,,
2,73399,,,,,,,,,,,0.41080015897750854,,,,,,,,
2,73499,,,,,,,,,,,0.4644038677215576,,,,,,,,
2,73599,,,,,,,,,,,0.38427987694740295,,,,,,,,
2,73699,,,,,,,,,,,0.4496961236000061,,,,,,,,
2,73799,,,,,,,,,,,0.47017040848731995,,,,,,,,
2,73899,,,,,,,,,,,0.37099191546440125,,,,,,,,
2,73999,,,,,,,,,,,0.4817224144935608,,,,,,,,
2,74099,,,,,,,,,,,0.6351624727249146,,,,,,,,
2,74199,,,,,,,,,,,0.4407404661178589,,,,,,,,
2,74299,,,,,,,,,,,0.5677535533905029,,,,,,,,
2,74399,,,,,,,,,,,0.42316728830337524,,,,,,,,
2,74499,,,,,,,,,,,0.5746042132377625,,,,,,,,
2,74599,,,,,,,,,,,0.4276922345161438,,,,,,,,
2,74699,,,,,,,,,,,0.3872185945510864,,,,,,,,
2,74799,,,,,,,,,,,0.6191617250442505,,,,,,,,
2,74899,,,,,,,,,,,0.3507571220397949,,,,,,,,
2,74999,,,,,,,,,,,0.5372123718261719,,,,,,,,
2,75099,,,,,,,,,,,0.49568137526512146,,,,,,,,
2,75199,,,,,,,,,,,0.49625152349472046,,,,,,,,
2,75299,,,,,,,,,,,0.3751322627067566,,,,,,,,
2,75399,,,,,,,,,,,0.5417435169219971,,,,,,,,
2,75499,,,,,,,,,,,0.6456748247146606,,,,,,,,
2,75599,,,,,,,,,,,0.3328600823879242,,,,,,,,
2,75699,,,,,,,,,,,0.461513876914978,,,,,,,,
2,75799,,,,,,,,,,,0.5036255121231079,,,,,,,,
2,75899,,,,,,,,,,,0.4785722494125366,,,,,,,,
2,75999,,,,,,,,,,,0.4021775722503662,,,,,,,,
2,76079,,,,,,,,,,,,,,0.6671661138534546,0.7985570430755615,0.7882125377655029,0.8016607165336609,0.6544485092163086,0.9907047748565674
2,76079,,,,,,,0.7524115443229675,0.8227409720420837,0.8115831613540649,0.4901562035083771,,0.7718029618263245,0.8556869029998779,,,,,,
3,76099,,,,,,,,,,,0.42389076948165894,,,,,,,,
3,76199,,,,,,,,,,,0.5045554637908936,,,,,,,,
3,76299,,,,,,,,,,,0.49210143089294434,,,,,,,,
3,76399,,,,,,,,,,,0.5075273513793945,,,,,,,,
3,76499,,,,,,,,,,,0.5439636707305908,,,,,,,,
3,76599,,,,,,,,,,,0.45046180486679077,,,,,,,,
3,76699,,,,,,,,,,,0.41335389018058777,,,,,,,,
3,76799,,,,,,,,,,,0.4164755344390869,,,,,,,,
3,76899,,,,,,,,,,,0.4109167158603668,,,,,,,,
3,76999,,,,,,,,,,,0.3908197283744812,,,,,,,,
3,77099,,,,,,,,,,,0.41883334517478943,,,,,,,,
3,77199,,,,,,,,,,,0.43165600299835205,,,,,,,,
3,77299,,,,,,,,,,,0.40342527627944946,,,,,,,,
3,77399,,,,,,,,,,,0.43252140283584595,,,,,,,,
3,77499,,,,,,,,,,,0.4334419369697571,,,,,,,,
3,77599,,,,,,,,,,,0.4714226722717285,,,,,,,,
3,77699,,,,,,,,,,,0.4219421446323395,,,,,,,,
3,77799,,,,,,,,,,,0.4481314718723297,,,,,,,,
3,77899,,,,,,,,,,,0.4407387971878052,,,,,,,,
3,77999,,,,,,,,,,,0.5899838209152222,,,,,,,,
3,78099,,,,,,,,,,,0.54731285572052,,,,,,,,
3,78199,,,,,,,,,,,0.4697114825248718,,,,,,,,
3,78299,,,,,,,,,,,0.41368499398231506,,,,,,,,
3,78399,,,,,,,,,,,0.40894508361816406,,,,,,,,
3,78499,,,,,,,,,,,0.42207348346710205,,,,,,,,
3,78599,,,,,,,,,,,0.4445275664329529,,,,,,,,
3,78699,,,,,,,,,,,0.5030347108840942,,,,,,,,
3,78799,,,,,,,,,,,0.44296059012413025,,,,,,,,
3,78899,,,,,,,,,,,0.5615034103393555,,,,,,,,
3,78999,,,,,,,,,,,0.5282341241836548,,,,,,,,
3,79099,,,,,,,,,,,0.5419780611991882,,,,,,,,
3,79199,,,,,,,,,,,0.4167478382587433,,,,,,,,
3,79299,,,,,,,,,,,0.5101544857025146,,,,,,,,
3,79399,,,,,,,,,,,0.5712593793869019,,,,,,,,
3,79499,,,,,,,,,,,0.5300042629241943,,,,,,,,
3,79599,,,,,,,,,,,0.4380083978176117,,,,,,,,
3,79699,,,,,,,,,,,0.42729073762893677,,,,,,,,
3,79799,,,,,,,,,,,0.4416213631629944,,,,,,,,
3,79899,,,,,,,,,,,0.4825323522090912,,,,,,,,
3,79999,,,,,,,,,,,0.39466357231140137,,,,,,,,
3,80099,,,,,,,,,,,0.441585898399353,,,,,,,,
3,80199,,,,,,,,,,,0.44935688376426697,,,,,,,,
3,80299,,,,,,,,,,,0.4701099395751953,,,,,,,,
3,80399,,,,,,,,,,,0.5977216362953186,,,,,,,,
3,80499,,,,,,,,,,,0.4038088619709015,,,,,,,,
3,80599,,,,,,,,,,,0.4490954279899597,,,,,,,,
3,80699,,,,,,,,,,,0.49126094579696655,,,,,,,,
3,80799,,,,,,,,,,,0.5424543619155884,,,,,,,,
3,80899,,,,,,,,,,,0.40850892663002014,,,,,,,,
3,80999,,,,,,,,,,,0.3976711630821228,,,,,,,,
3,81099,,,,,,,,,,,0.4563078284263611,,,,,,,,
3,81199,,,,,,,,,,,0.2707073986530304,,,,,,,,
3,81299,,,,,,,,,,,0.42551305890083313,,,,,,,,
3,81399,,,,,,,,,,,0.5362276434898376,,,,,,,,
3,81499,,,,,,,,,,,0.36933693289756775,,,,,,,,
3,81599,,,,,,,,,,,0.5784779787063599,,,,,,,,
3,81699,,,,,,,,,,,0.4325971007347107,,,,,,,,
3,81799,,,,,,,,,,,0.568803071975708,,,,,,,,
3,81899,,,,,,,,,,,0.3285081088542938,,,,,,,,
3,81999,,,,,,,,,,,0.3992658257484436,,,,,,,,
3,82099,,,,,,,,,,,0.3409230709075928,,,,,,,,
3,82199,,,,,,,,,,,0.5246691703796387,,,,,,,,
3,82299,,,,,,,,,,,0.6349883079528809,,,,,,,,
3,82399,,,,,,,,,,,0.5708600878715515,,,,,,,,
3,82499,,,,,,,,,,,0.45230984687805176,,,,,,,,
3,82599,,,,,,,,,,,0.42284896969795227,,,,,,,,
3,82699,,,,,,,,,,,0.5730566382408142,,,,,,,,
3,82799,,,,,,,,,,,0.3648732602596283,,,,,,,,
3,82899,,,,,,,,,,,0.40445590019226074,,,,,,,,
3,82999,,,,,,,,,,,0.4323189854621887,,,,,,,,
3,83099,,,,,,,,,,,0.34230542182922363,,,,,,,,
3,83199,,,,,,,,,,,0.5045182704925537,,,,,,,,
3,83299,,,,,,,,,,,0.44864964485168457,,,,,,,,
3,83399,,,,,,,,,,,0.680113673210144,,,,,,,,
3,83499,,,,,,,,,,,0.5230484008789062,,,,,,,,
3,83599,,,,,,,,,,,0.37751710414886475,,,,,,,,
3,83699,,,,,,,,,,,0.49525174498558044,,,,,,,,
3,83799,,,,,,,,,,,0.48351138830184937,,,,,,,,
3,83899,,,,,,,,,,,0.4324321746826172,,,,,,,,
3,83999,,,,,,,,,,,0.3853081464767456,,,,,,,,
3,84099,,,,,,,,,,,0.4021354913711548,,,,,,,,
3,84199,,,,,,,,,,,0.34772205352783203,,,,,,,,
3,84299,,,,,,,,,,,0.40338510274887085,,,,,,,,
3,84399,,,,,,,,,,,0.3734792172908783,,,,,,,,
3,84499,,,,,,,,,,,0.40697720646858215,,,,,,,,
3,84599,,,,,,,,,,,0.4126502275466919,,,,,,,,
3,84699,,,,,,,,,,,0.36789533495903015,,,,,,,,
3,84799,,,,,,,,,,,0.5677810907363892,,,,,,,,
3,84899,,,,,,,,,,,0.5838813781738281,,,,,,,,
3,84999,,,,,,,,,,,0.4605090618133545,,,,,,,,
3,85099,,,,,,,,,,,0.46957460045814514,,,,,,,,
3,85199,,,,,,,,,,,0.4931541979312897,,,,,,,,
3,85299,,,,,,,,,,,0.49297598004341125,,,,,,,,
3,85399,,,,,,,,,,,0.553356945514679,,,,,,,,
3,85499,,,,,,,,,,,0.5570024251937866,,,,,,,,
3,85599,,,,,,,,,,,0.4475330114364624,,,,,,,,
3,85699,,,,,,,,,,,0.3102280795574188,,,,,,,,
3,85799,,,,,,,,,,,0.42252057790756226,,,,,,,,
3,85899,,,,,,,,,,,0.5787451863288879,,,,,,,,
3,85999,,,,,,,,,,,0.35496968030929565,,,,,,,,
3,86099,,,,,,,,,,,0.5160698294639587,,,,,,,,
3,86199,,,,,,,,,,,0.3836749196052551,,,,,,,,
3,86299,,,,,,,,,,,0.48110082745552063,,,,,,,,
3,86399,,,,,,,,,,,0.273226261138916,,,,,,,,
3,86499,,,,,,,,,,,0.31962519884109497,,,,,,,,
3,86599,,,,,,,,,,,0.3769758343696594,,,,,,,,
3,86699,,,,,,,,,,,0.6872897148132324,,,,,,,,
3,86799,,,,,,,,,,,0.5202561616897583,,,,,,,,
3,86899,,,,,,,,,,,0.582187294960022,,,,,,,,
3,86999,,,,,,,,,,,0.5889546871185303,,,,,,,,
3,87099,,,,,,,,,,,0.4944800138473511,,,,,,,,
3,87199,,,,,,,,,,,0.4779320955276489,,,,,,,,
3,87299,,,,,,,,,,,0.49659204483032227,,,,,,,,
3,87399,,,,,,,,,,,0.5135432481765747,,,,,,,,
3,87499,,,,,,,,,,,0.3841838538646698,,,,,,,,
3,87599,,,,,,,,,,,0.5322954058647156,,,,,,,,
3,87699,,,,,,,,,,,0.4519370198249817,,,,,,,,
3,87799,,,,,,,,,,,0.4445510506629944,,,,,,,,
3,87899,,,,,,,,,,,0.40330052375793457,,,,,,,,
3,87999,,,,,,,,,,,0.4713755249977112,,,,,,,,
3,88099,,,,,,,,,,,0.546946108341217,,,,,,,,
3,88199,,,,,,,,,,,0.46318385004997253,,,,,,,,
3,88299,,,,,,,,,,,0.34563785791397095,,,,,,,,
3,88399,,,,,,,,,,,0.38372713327407837,,,,,,,,
3,88499,,,,,,,,,,,0.3867010772228241,,,,,,,,
3,88599,,,,,,,,,,,0.4494718313217163,,,,,,,,
3,88699,,,,,,,,,,,0.4541207551956177,,,,,,,,
3,88799,,,,,,,,,,,0.41891029477119446,,,,,,,,
3,88899,,,,,,,,,,,0.33389991521835327,,,,,,,,
3,88999,,,,,,,,,,,0.6047744750976562,,,,,,,,
3,89099,,,,,,,,,,,0.44180020689964294,,,,,,,,
3,89199,,,,,,,,,,,0.4064987301826477,,,,,,,,
3,89299,,,,,,,,,,,0.40691709518432617,,,,,,,,
3,89399,,,,,,,,,,,0.5466215014457703,,,,,,,,
3,89499,,,,,,,,,,,0.4979014992713928,,,,,,,,
3,89599,,,,,,,,,,,0.554533064365387,,,,,,,,
3,89699,,,,,,,,,,,0.5382186770439148,,,,,,,,
3,89799,,,,,,,,,,,0.41283369064331055,,,,,,,,
3,89899,,,,,,,,,,,0.5265675187110901,,,,,,,,
3,89999,,,,,,,,,,,0.3941785395145416,,,,,,,,
3,90099,,,,,,,,,,,0.4413316249847412,,,,,,,,
3,90199,,,,,,,,,,,0.3809400200843811,,,,,,,,
3,90299,,,,,,,,,,,0.5218946933746338,,,,,,,,
3,90399,,,,,,,,,,,0.44676095247268677,,,,,,,,
3,90499,,,,,,,,,,,0.3731537163257599,,,,,,,,
3,90599,,,,,,,,,,,0.5099534392356873,,,,,,,,
3,90699,,,,,,,,,,,0.32496702671051025,,,,,,,,
3,90799,,,,,,,,,,,0.6307170987129211,,,,,,,,
3,90899,,,,,,,,,,,0.4332483410835266,,,,,,,,
3,90999,,,,,,,,,,,0.5124707221984863,,,,,,,,
3,91099,,,,,,,,,,,0.38325005769729614,,,,,,,,
3,91199,,,,,,,,,,,0.4097789525985718,,,,,,,,
3,91299,,,,,,,,,,,0.44120317697525024,,,,,,,,
3,91399,,,,,,,,,,,0.44646671414375305,,,,,,,,
3,91499,,,,,,,,,,,0.5719602108001709,,,,,,,,
3,91599,,,,,,,,,,,0.4205150306224823,,,,,,,,
3,91699,,,,,,,,,,,0.35420140624046326,,,,,,,,
3,91799,,,,,,,,,,,0.6411679983139038,,,,,,,,
3,91899,,,,,,,,,,,0.4912228584289551,,,,,,,,
3,91999,,,,,,,,,,,0.5002707242965698,,,,,,,,
3,92099,,,,,,,,,,,0.5151802897453308,,,,,,,,
3,92199,,,,,,,,,,,0.45223569869995117,,,,,,,,
3,92299,,,,,,,,,,,0.281780868768692,,,,,,,,
3,92399,,,,,,,,,,,0.4405723810195923,,,,,,,,
3,92499,,,,,,,,,,,0.44899865984916687,,,,,,,,
3,92599,,,,,,,,,,,0.42627257108688354,,,,,,,,
3,92699,,,,,,,,,,,0.3595256507396698,,,,,,,,
3,92799,,,,,,,,,,,0.389274537563324,,,,,,,,
3,92899,,,,,,,,,,,0.49731045961380005,,,,,,,,
3,92999,,,,,,,,,,,0.5331805944442749,,,,,,,,
3,93099,,,,,,,,,,,0.5070233345031738,,,,,,,,
3,93199,,,,,,,,,,,0.5122647285461426,,,,,,,,
3,93299,,,,,,,,,,,0.48715078830718994,,,,,,,,
3,93399,,,,,,,,,,,0.4973002076148987,,,,,,,,
3,93499,,,,,,,,,,,0.4048171639442444,,,,,,,,
3,93599,,,,,,,,,,,0.34378230571746826,,,,,,,,
3,93699,,,,,,,,,,,0.6016815900802612,,,,,,,,
3,93799,,,,,,,,,,,0.28550806641578674,,,,,,,,
3,93899,,,,,,,,,,,0.3037260174751282,,,,,,,,
3,93999,,,,,,,,,,,0.4232214093208313,,,,,,,,
3,94099,,,,,,,,,,,0.4884377717971802,,,,,,,,
3,94199,,,,,,,,,,,0.46137964725494385,,,,,,,,
3,94299,,,,,,,,,,,0.3895215392112732,,,,,,,,
3,94399,,,,,,,,,,,0.4640986919403076,,,,,,,,
3,94499,,,,,,,,,,,0.4356158673763275,,,,,,,,
3,94599,,,,,,,,,,,0.5314594507217407,,,,,,,,
3,94699,,,,,,,,,,,0.39654722809791565,,,,,,,,
3,94799,,,,,,,,,,,0.398519366979599,,,,,,,,
3,94899,,,,,,,,,,,0.47684019804000854,,,,,,,,
3,94999,,,,,,,,,,,0.728793740272522,,,,,,,,
3,95099,,,,,,,,,,,0.5367040634155273,,,,,,,,
3,95199,,,,,,,,,,,0.5031871795654297,,,,,,,,
3,95299,,,,,,,,,,,0.5020592212677002,,,,,,,,
3,95399,,,,,,,,,,,0.5377618074417114,,,,,,,,
3,95499,,,,,,,,,,,0.46543803811073303,,,,,,,,
3,95599,,,,,,,,,,,0.3932853639125824,,,,,,,,
3,95699,,,,,,,,,,,0.7237173318862915,,,,,,,,
3,95799,,,,,,,,,,,0.38944557309150696,,,,,,,,
3,95899,,,,,,,,,,,0.42040738463401794,,,,,,,,
3,95999,,,,,,,,,,,0.3472674489021301,,,,,,,,
3,96099,,,,,,,,,,,0.38785433769226074,,,,,,,,
3,96199,,,,,,,,,,,0.6949588060379028,,,,,,,,
3,96299,,,,,,,,,,,0.43826887011528015,,,,,,,,
3,96399,,,,,,,,,,,0.5255646705627441,,,,,,,,
3,96499,,,,,,,,,,,0.4394567906856537,,,,,,,,
3,96599,,,,,,,,,,,0.5296619534492493,,,,,,,,
3,96699,,,,,,,,,,,0.6160598993301392,,,,,,,,
3,96799,,,,,,,,,,,0.39259588718414307,,,,,,,,
3,96899,,,,,,,,,,,0.6334484815597534,,,,,,,,
3,96999,,,,,,,,,,,0.5844393968582153,,,,,,,,
3,97099,,,,,,,,,,,0.40394484996795654,,,,,,,,
3,97199,,,,,,,,,,,0.3746564984321594,,,,,,,,
3,97299,,,,,,,,,,,0.4691196382045746,,,,,,,,
3,97399,,,,,,,,,,,0.532880425453186,,,,,,,,
3,97499,,,,,,,,,,,0.44764775037765503,,,,,,,,
3,97599,,,,,,,,,,,0.6285960674285889,,,,,,,,
3,97699,,,,,,,,,,,0.49658533930778503,,,,,,,,
3,97799,,,,,,,,,,,0.3903062343597412,,,,,,,,
3,97899,,,,,,,,,,,0.48590072989463806,,,,,,,,
3,97999,,,,,,,,,,,0.3020106852054596,,,,,,,,
3,98099,,,,,,,,,,,0.45696520805358887,,,,,,,,
3,98199,,,,,,,,,,,0.474027544260025,,,,,,,,
3,98299,,,,,,,,,,,0.6714268922805786,,,,,,,,
3,98399,,,,,,,,,,,0.40392863750457764,,,,,,,,
3,98499,,,,,,,,,,,0.34302249550819397,,,,,,,,
3,98599,,,,,,,,,,,0.42342329025268555,,,,,,,,
3,98699,,,,,,,,,,,0.3297519385814667,,,,,,,,
3,98799,,,,,,,,,,,0.35295170545578003,,,,,,,,
3,98899,,,,,,,,,,,0.412182092666626,,,,,,,,
3,98999,,,,,,,,,,,0.42708253860473633,,,,,,,,
3,99099,,,,,,,,,,,0.6148979663848877,,,,,,,,
3,99199,,,,,,,,,,,0.3717145323753357,,,,,,,,
3,99299,,,,,,,,,,,0.5799412727355957,,,,,,,,
3,99399,,,,,,,,,,,0.5386120676994324,,,,,,,,
3,99499,,,,,,,,,,,0.5036040544509888,,,,,,,,
3,99599,,,,,,,,,,,0.3436918556690216,,,,,,,,
3,99699,,,,,,,,,,,0.5539552569389343,,,,,,,,
3,99799,,,,,,,,,,,0.6794964075088501,,,,,,,,
3,99899,,,,,,,,,,,0.6192092895507812,,,,,,,,
3,99999,,,,,,,,,,,0.4538630247116089,,,,,,,,
3,100099,,,,,,,,,,,0.31249845027923584,,,,,,,,
3,100199,,,,,,,,,,,0.35463300347328186,,,,,,,,
3,100299,,,,,,,,,,,0.3766685724258423,,,,,,,,
3,100399,,,,,,,,,,,0.539819061756134,,,,,,,,
3,100499,,,,,,,,,,,0.43321138620376587,,,,,,,,
3,100599,,,,,,,,,,,0.5132510662078857,,,,,,,,
3,100699,,,,,,,,,,,0.4135032892227173,,,,,,,,
3,100799,,,,,,,,,,,0.4195771813392639,,,,,,,,
3,100899,,,,,,,,,,,0.6724075078964233,,,,,,,,
3,100999,,,,,,,,,,,0.5703040361404419,,,,,,,,
3,101099,,,,,,,,,,,0.3336620330810547,,,,,,,,
3,101199,,,,,,,,,,,0.4406445622444153,,,,,,,,
3,101299,,,,,,,,,,,0.3565760850906372,,,,,,,,
3,101399,,,,,,,,,,,0.40008485317230225,,,,,,,,
3,101439,,,,,,,,,,,,,,0.7779316902160645,0.8639289140701294,0.8363724946975708,0.4499724507331848,0.775344729423523,0.9078280329704285
3,101439,,,,,,,0.7700771689414978,0.8444921374320984,0.8240348100662231,0.46247783303260803,,0.7876724004745483,0.8639169931411743,,,,,,
4,101499,,,,,,,,,,,0.4666561484336853,,,,,,,,
4,101599,,,,,,,,,,,0.41869616508483887,,,,,,,,
4,101699,,,,,,,,,,,0.38582882285118103,,,,,,,,
4,101799,,,,,,,,,,,0.5769143104553223,,,,,,,,
4,101899,,,,,,,,,,,0.37507063150405884,,,,,,,,
4,101999,,,,,,,,,,,0.41450035572052,,,,,,,,
4,102099,,,,,,,,,,,0.2640397548675537,,,,,,,,
4,102199,,,,,,,,,,,0.490283727645874,,,,,,,,
4,102299,,,,,,,,,,,0.5094729661941528,,,,,,,,
4,102399,,,,,,,,,,,0.3949233293533325,,,,,,,,
4,102499,,,,,,,,,,,0.4388493299484253,,,,,,,,
4,102599,,,,,,,,,,,0.510688066482544,,,,,,,,
4,102699,,,,,,,,,,,0.47071588039398193,,,,,,,,
4,102799,,,,,,,,,,,0.38875192403793335,,,,,,,,
4,102899,,,,,,,,,,,0.41361480951309204,,,,,,,,
4,102999,,,,,,,,,,,0.4607410430908203,,,,,,,,
4,103099,,,,,,,,,,,0.45369642972946167,,,,,,,,
4,103199,,,,,,,,,,,0.4018417000770569,,,,,,,,
4,103299,,,,,,,,,,,0.5586832165718079,,,,,,,,
4,103399,,,,,,,,,,,0.4434950351715088,,,,,,,,
4,103499,,,,,,,,,,,0.40008559823036194,,,,,,,,
4,103599,,,,,,,,,,,0.4132313132286072,,,,,,,,
4,103699,,,,,,,,,,,0.4032818078994751,,,,,,,,
4,103799,,,,,,,,,,,0.391254186630249,,,,,,,,
4,103899,,,,,,,,,,,0.39970794320106506,,,,,,,,
4,103999,,,,,,,,,,,0.6167395114898682,,,,,,,,
4,104099,,,,,,,,,,,0.24058152735233307,,,,,,,,
4,104199,,,,,,,,,,,0.4653503894805908,,,,,,,,
4,104299,,,,,,,,,,,0.478327214717865,,,,,,,,
4,104399,,,,,,,,,,,0.3540228009223938,,,,,,,,
4,104499,,,,,,,,,,,0.4613877832889557,,,,,,,,
4,104599,,,,,,,,,,,0.485038697719574,,,,,,,,
4,104699,,,,,,,,,,,0.6274635791778564,,,,,,,,
4,104799,,,,,,,,,,,0.412568598985672,,,,,,,,
4,104899,,,,,,,,,,,0.5135287046432495,,,,,,,,
4,104999,,,,,,,,,,,0.3984413146972656,,,,,,,,
4,105099,,,,,,,,,,,0.5855014324188232,,,,,,,,
4,105199,,,,,,,,,,,0.5119144320487976,,,,,,,,
4,105299,,,,,,,,,,,0.5503460168838501,,,,,,,,
4,105399,,,,,,,,,,,0.4151081442832947,,,,,,,,
4,105499,,,,,,,,,,,0.265927791595459,,,,,,,,
4,105599,,,,,,,,,,,0.49829035997390747,,,,,,,,
4,105699,,,,,,,,,,,0.6910752058029175,,,,,,,,
4,105799,,,,,,,,,,,0.3833291530609131,,,,,,,,
4,105899,,,,,,,,,,,0.5656596422195435,,,,,,,,
4,105999,,,,,,,,,,,0.4560847282409668,,,,,,,,
4,106099,,,,,,,,,,,0.4174216687679291,,,,,,,,
4,106199,,,,,,,,,,,0.3865969181060791,,,,,,,,
4,106299,,,,,,,,,,,0.5521402359008789,,,,,,,,
4,106399,,,,,,,,,,,0.45126837491989136,,,,,,,,
4,106499,,,,,,,,,,,0.6074561476707458,,,,,,,,
4,106599,,,,,,,,,,,0.3648674488067627,,,,,,,,
4,106699,,,,,,,,,,,0.3666766285896301,,,,,,,,
4,106799,,,,,,,,,,,0.38473665714263916,,,,,,,,
4,106899,,,,,,,,,,,0.4270208775997162,,,,,,,,
4,106999,,,,,,,,,,,0.496366947889328,,,,,,,,
4,107099,,,,,,,,,,,0.42715394496917725,,,,,,,,
4,107199,,,,,,,,,,,0.32280442118644714,,,,,,,,
4,107299,,,,,,,,,,,0.3717736005783081,,,,,,,,
4,107399,,,,,,,,,,,0.4487680196762085,,,,,,,,
4,107499,,,,,,,,,,,0.5362207889556885,,,,,,,,
4,107599,,,,,,,,,,,0.4162161648273468,,,,,,,,
4,107699,,,,,,,,,,,0.5624943375587463,,,,,,,,
4,107799,,,,,,,,,,,0.4196748733520508,,,,,,,,
4,107899,,,,,,,,,,,0.32638120651245117,,,,,,,,
4,107999,,,,,,,,,,,0.38427790999412537,,,,,,,,
4,108099,,,,,,,,,,,0.5282422304153442,,,,,,,,
4,108199,,,,,,,,,,,0.47317415475845337,,,,,,,,
4,108299,,,,,,,,,,,0.40227633714675903,,,,,,,,
4,108399,,,,,,,,,,,0.31801456212997437,,,,,,,,
4,108499,,,,,,,,,,,0.5334495902061462,,,,,,,,
4,108599,,,,,,,,,,,0.4059561491012573,,,,,,,,
4,108699,,,,,,,,,,,0.45930975675582886,,,,,,,,
4,108799,,,,,,,,,,,0.5204358696937561,,,,,,,,
4,108899,,,,,,,,,,,0.43600183725357056,,,,,,,,
4,108999,,,,,,,,,,,0.41084378957748413,,,,,,,,
4,109099,,,,,,,,,,,0.49474114179611206,,,,,,,,
4,109199,,,,,,,,,,,0.36189907789230347,,,,,,,,
4,109299,,,,,,,,,,,0.2415245771408081,,,,,,,,
4,109399,,,,,,,,,,,0.43831053376197815,,,,,,,,
4,109499,,,,,,,,,,,0.4032476544380188,,,,,,,,
4,109599,,,,,,,,,,,0.4899851977825165,,,,,,,,
4,109699,,,,,,,,,,,0.6198545694351196,,,,,,,,
4,109799,,,,,,,,,,,0.5178359746932983,,,,,,,,
4,109899,,,,,,,,,,,0.26287052035331726,,,,,,,,
4,109999,,,,,,,,,,,0.5987809300422668,,,,,,,,
4,110099,,,,,,,,,,,0.44508033990859985,,,,,,,,
4,110199,,,,,,,,,,,0.4713406562805176,,,,,,,,
4,110299,,,,,,,,,,,0.39833033084869385,,,,,,,,
4,110399,,,,,,,,,,,0.3873811364173889,,,,,,,,
4,110499,,,,,,,,,,,0.6513209939002991,,,,,,,,
4,110599,,,,,,,,,,,0.43865352869033813,,,,,,,,
4,110699,,,,,,,,,,,0.4348764419555664,,,,,,,,
4,110799,,,,,,,,,,,0.4754371643066406,,,,,,,,
4,110899,,,,,,,,,,,0.5420076847076416,,,,,,,,
4,110999,,,,,,,,,,,0.4308404326438904,,,,,,,,
4,111099,,,,,,,,,,,0.3984547555446625,,,,,,,,
4,111199,,,,,,,,,,,0.3846172094345093,,,,,,,,
4,111299,,,,,,,,,,,0.3918171525001526,,,,,,,,
4,111399,,,,,,,,,,,0.44899559020996094,,,,,,,,
4,111499,,,,,,,,,,,0.5900120735168457,,,,,,,,
4,111599,,,,,,,,,,,0.5305829644203186,,,,,,,,
4,111699,,,,,,,,,,,0.35218068957328796,,,,,,,,
4,111799,,,,,,,,,,,0.30796921253204346,,,,,,,,
4,111899,,,,,,,,,,,0.339202880859375,,,,,,,,
4,111999,,,,,,,,,,,0.39041614532470703,,,,,,,,
4,112099,,,,,,,,,,,0.45933204889297485,,,,,,,,
4,112199,,,,,,,,,,,0.3980914354324341,,,,,,,,
4,112299,,,,,,,,,,,0.4298655390739441,,,,,,,,
4,112399,,,,,,,,,,,0.4555465877056122,,,,,,,,
4,112499,,,,,,,,,,,0.4419628381729126,,,,,,,,
4,112599,,,,,,,,,,,0.4562552869319916,,,,,,,,
4,112699,,,,,,,,,,,0.5493823289871216,,,,,,,,
4,112799,,,,,,,,,,,0.42199453711509705,,,,,,,,
4,112899,,,,,,,,,,,0.4356176257133484,,,,,,,,
4,112999,,,,,,,,,,,0.5179879665374756,,,,,,,,
4,113099,,,,,,,,,,,0.28006449341773987,,,,,,,,
4,113199,,,,,,,,,,,0.41128069162368774,,,,,,,,
4,113299,,,,,,,,,,,0.46708327531814575,,,,,,,,
4,113399,,,,,,,,,,,0.4195480942726135,,,,,,,,
4,113499,,,,,,,,,,,0.38199907541275024,,,,,,,,
4,113599,,,,,,,,,,,0.3767372965812683,,,,,,,,
4,113699,,,,,,,,,,,0.6614563465118408,,,,,,,,
4,113799,,,,,,,,,,,0.4353558421134949,,,,,,,,
4,113899,,,,,,,,,,,0.48668327927589417,,,,,,,,
4,113999,,,,,,,,,,,0.31157299876213074,,,,,,,,
4,114099,,,,,,,,,,,0.5628458261489868,,,,,,,,
4,114199,,,,,,,,,,,0.2855655550956726,,,,,,,,
4,114299,,,,,,,,,,,0.4472062587738037,,,,,,,,
4,114399,,,,,,,,,,,0.2944298982620239,,,,,,,,
4,114499,,,,,,,,,,,0.3799576759338379,,,,,,,,
4,114599,,,,,,,,,,,0.40481752157211304,,,,,,,,
4,114699,,,,,,,,,,,0.44704964756965637,,,,,,,,
4,114799,,,,,,,,,,,0.2837764024734497,,,,,,,,
4,114899,,,,,,,,,,,0.3598897159099579,,,,,,,,
4,114999,,,,,,,,,,,0.5825068354606628,,,,,,,,
4,115099,,,,,,,,,,,0.33019790053367615,,,,,,,,
4,115199,,,,,,,,,,,0.34161925315856934,,,,,,,,
4,115299,,,,,,,,,,,0.4133080244064331,,,,,,,,
4,115399,,,,,,,,,,,0.467119961977005,,,,,,,,
4,115499,,,,,,,,,,,0.4387916624546051,,,,,,,,
4,115599,,,,,,,,,,,0.5200636386871338,,,,,,,,
4,115699,,,,,,,,,,,0.48583364486694336,,,,,,,,
4,115799,,,,,,,,,,,0.3246374726295471,,,,,,,,
4,115899,,,,,,,,,,,0.3719983994960785,,,,,,,,
4,115999,,,,,,,,,,,0.447515070438385,,,,,,,,
4,116099,,,,,,,,,,,0.4013656675815582,,,,,,,,
4,116199,,,,,,,,,,,0.42823728919029236,,,,,,,,
4,116299,,,,,,,,,,,0.5034464001655579,,,,,,,,
4,116399,,,,,,,,,,,0.5856156945228577,,,,,,,,
4,116499,,,,,,,,,,,0.558334231376648,,,,,,,,
4,116599,,,,,,,,,,,0.36331647634506226,,,,,,,,
4,116699,,,,,,,,,,,0.3159715533256531,,,,,,,,
4,116799,,,,,,,,,,,0.4854748845100403,,,,,,,,
4,116899,,,,,,,,,,,0.5171307325363159,,,,,,,,
4,116999,,,,,,,,,,,0.40067243576049805,,,,,,,,
4,117099,,,,,,,,,,,0.38543957471847534,,,,,,,,
4,117199,,,,,,,,,,,0.3850187659263611,,,,,,,,
4,117299,,,,,,,,,,,0.3629459738731384,,,,,,,,
4,117399,,,,,,,,,,,0.3178940415382385,,,,,,,,
4,117499,,,,,,,,,,,0.4298195540904999,,,,,,,,
4,117599,,,,,,,,,,,0.3472762703895569,,,,,,,,
4,117699,,,,,,,,,,,0.3629363179206848,,,,,,,,
4,117799,,,,,,,,,,,0.23308749496936798,,,,,,,,
4,117899,,,,,,,,,,,0.3782004117965698,,,,,,,,
4,117999,,,,,,,,,,,0.29798638820648193,,,,,,,,
4,118099,,,,,,,,,,,0.40965384244918823,,,,,,,,
4,118199,,,,,,,,,,,0.46249473094940186,,,,,,,,
4,118299,,,,,,,,,,,0.3243943452835083,,,,,,,,
4,118399,,,,,,,,,,,0.3704472780227661,,,,,,,,
4,118499,,,,,,,,,,,0.5487580895423889,,,,,,,,
4,118599,,,,,,,,,,,0.380754292011261,,,,,,,,
4,118699,,,,,,,,,,,0.34067225456237793,,,,,,,,
4,118799,,,,,,,,,,,0.5118297338485718,,,,,,,,
4,118899,,,,,,,,,,,0.36341267824172974,,,,,,,,
4,118999,,,,,,,,,,,0.5992711782455444,,,,,,,,
4,119099,,,,,,,,,,,0.42635273933410645,,,,,,,,
4,119199,,,,,,,,,,,0.49714359641075134,,,,,,,,
4,119299,,,,,,,,,,,0.42565008997917175,,,,,,,,
4,119399,,,,,,,,,,,0.3386498689651489,,,,,,,,
4,119499,,,,,,,,,,,0.3534119129180908,,,,,,,,
4,119599,,,,,,,,,,,0.33351415395736694,,,,,,,,
4,119699,,,,,,,,,,,0.44056278467178345,,,,,,,,
4,119799,,,,,,,,,,,0.4922165870666504,,,,,,,,
4,119899,,,,,,,,,,,0.40898358821868896,,,,,,,,
4,119999,,,,,,,,,,,0.5581502914428711,,,,,,,,
4,120099,,,,,,,,,,,0.38063326478004456,,,,,,,,
4,120199,,,,,,,,,,,0.35964229702949524,,,,,,,,
4,120299,,,,,,,,,,,0.4112013578414917,,,,,,,,
4,120399,,,,,,,,,,,0.7400476932525635,,,,,,,,
4,120499,,,,,,,,,,,0.3457837700843811,,,,,,,,
4,120599,,,,,,,,,,,0.40890902280807495,,,,,,,,
4,120699,,,,,,,,,,,0.2842142879962921,,,,,,,,
4,120799,,,,,,,,,,,0.4081655740737915,,,,,,,,
4,120899,,,,,,,,,,,0.4072120189666748,,,,,,,,
4,120999,,,,,,,,,,,0.42267894744873047,,,,,,,,
4,121099,,,,,,,,,,,0.5425823330879211,,,,,,,,
4,121199,,,,,,,,,,,0.5639532804489136,,,,,,,,
4,121299,,,,,,,,,,,0.5152636766433716,,,,,,,,
4,121399,,,,,,,,,,,0.32034844160079956,,,,,,,,
4,121499,,,,,,,,,,,0.5356835722923279,,,,,,,,
4,121599,,,,,,,,,,,0.40885910391807556,,,,,,,,
4,121699,,,,,,,,,,,0.42036914825439453,,,,,,,,
4,121799,,,,,,,,,,,0.4851444959640503,,,,,,,,
4,121899,,,,,,,,,,,0.362820029258728,,,,,,,,
4,121999,,,,,,,,,,,0.49262934923171997,,,,,,,,
4,122099,,,,,,,,,,,0.3380451798439026,,,,,,,,
4,122199,,,,,,,,,,,0.4577561616897583,,,,,,,,
4,122299,,,,,,,,,,,0.28496605157852173,,,,,,,,
4,122399,,,,,,,,,,,0.5007906556129456,,,,,,,,
4,122499,,,,,,,,,,,0.41687849164009094,,,,,,,,
4,122599,,,,,,,,,,,0.3580484688282013,,,,,,,,
4,122699,,,,,,,,,,,0.3657469153404236,,,,,,,,
4,122799,,,,,,,,,,,0.47545602917671204,,,,,,,,
4,122899,,,,,,,,,,,0.3692178726196289,,,,,,,,
4,122999,,,,,,,,,,,0.35235387086868286,,,,,,,,
4,123099,,,,,,,,,,,0.384928822517395,,,,,,,,
4,123199,,,,,,,,,,,0.3060266077518463,,,,,,,,
4,123299,,,,,,,,,,,0.5010470747947693,,,,,,,,
4,123399,,,,,,,,,,,0.4817180633544922,,,,,,,,
4,123499,,,,,,,,,,,0.2673312723636627,,,,,,,,
4,123599,,,,,,,,,,,0.4181317985057831,,,,,,,,
4,123699,,,,,,,,,,,0.5407221913337708,,,,,,,,
4,123799,,,,,,,,,,,0.549170196056366,,,,,,,,
4,123899,,,,,,,,,,,0.3717533349990845,,,,,,,,
4,123999,,,,,,,,,,,0.2860032916069031,,,,,,,,
4,124099,,,,,,,,,,,0.47542765736579895,,,,,,,,
4,124199,,,,,,,,,,,0.40285247564315796,,,,,,,,
4,124299,,,,,,,,,,,0.5000756978988647,,,,,,,,
4,124399,,,,,,,,,,,0.4014356732368469,,,,,,,,
4,124499,,,,,,,,,,,0.5099718570709229,,,,,,,,
4,124599,,,,,,,,,,,0.24266168475151062,,,,,,,,
4,124699,,,,,,,,,,,0.40356945991516113,,,,,,,,
4,124799,,,,,,,,,,,0.30501091480255127,,,,,,,,
4,124899,,,,,,,,,,,0.43268388509750366,,,,,,,,
4,124999,,,,,,,,,,,0.43702346086502075,,,,,,,,
4,125099,,,,,,,,,,,0.382558137178421,,,,,,,,
4,125199,,,,,,,,,,,0.3774709105491638,,,,,,,,
4,125299,,,,,,,,,,,0.46327733993530273,,,,,,,,
4,125399,,,,,,,,,,,0.4619189202785492,,,,,,,,
4,125499,,,,,,,,,,,0.5191728472709656,,,,,,,,
4,125599,,,,,,,,,,,0.3743656873703003,,,,,,,,
4,125699,,,,,,,,,,,0.3350231647491455,,,,,,,,
4,125799,,,,,,,,,,,0.4585893154144287,,,,,,,,
4,125899,,,,,,,,,,,0.4547310769557953,,,,,,,,
4,125999,,,,,,,,,,,0.4767146706581116,,,,,,,,
4,126099,,,,,,,,,,,0.4234713912010193,,,,,,,,
4,126199,,,,,,,,,,,0.5245875120162964,,,,,,,,
4,126299,,,,,,,,,,,0.6536595821380615,,,,,,,,
4,126399,,,,,,,,,,,0.3899652361869812,,,,,,,,
4,126499,,,,,,,,,,,0.43183213472366333,,,,,,,,
4,126599,,,,,,,,,,,0.590916633605957,,,,,,,,
4,126699,,,,,,,,,,,0.3788805305957794,,,,,,,,
4,126799,,,,,,,,,,,0.39368346333503723,,,,,,,,
4,126799,,,,,,,,,,,,,,0.865388810634613,0.9407424926757812,0.8963549137115479,0.30417636036872864,0.864128589630127,0.9310779571533203
4,126799,,,,,,,0.7835801839828491,0.8607057332992554,0.8335921764373779,0.4401668608188629,,0.8002299666404724,0.8698571920394897,,,,,,
5,126899,,,,,,,,,,,0.29371798038482666,,,,,,,,
5,126999,,,,,,,,,,,0.30082544684410095,,,,,,,,
5,127099,,,,,,,,,,,0.5172207355499268,,,,,,,,
5,127199,,,,,,,,,,,0.32165950536727905,,,,,,,,
5,127299,,,,,,,,,,,0.39568278193473816,,,,,,,,
5,127399,,,,,,,,,,,0.2993420362472534,,,,,,,,
5,127499,,,,,,,,,,,0.3992902636528015,,,,,,,,
5,127599,,,,,,,,,,,0.525556206703186,,,,,,,,
5,127699,,,,,,,,,,,0.4671432375907898,,,,,,,,
5,127799,,,,,,,,,,,0.26107120513916016,,,,,,,,
5,127899,,,,,,,,,,,0.3822852373123169,,,,,,,,
5,127999,,,,,,,,,,,0.28456008434295654,,,,,,,,
5,128099,,,,,,,,,,,0.3007994294166565,,,,,,,,
5,128199,,,,,,,,,,,0.34046679735183716,,,,,,,,
5,128299,,,,,,,,,,,0.6265485286712646,,,,,,,,
5,128399,,,,,,,,,,,0.40682846307754517,,,,,,,,
5,128499,,,,,,,,,,,0.5088473558425903,,,,,,,,
5,128599,,,,,,,,,,,0.37547239661216736,,,,,,,,
5,128699,,,,,,,,,,,0.6658967733383179,,,,,,,,
5,128799,,,,,,,,,,,0.44932055473327637,,,,,,,,
5,128899,,,,,,,,,,,0.6110801696777344,,,,,,,,
5,128999,,,,,,,,,,,0.31151512265205383,,,,,,,,
5,129099,,,,,,,,,,,0.28963184356689453,,,,,,,,
5,129199,,,,,,,,,,,0.5707793235778809,,,,,,,,
5,129299,,,,,,,,,,,0.37396544218063354,,,,,,,,
5,129399,,,,,,,,,,,0.38983261585235596,,,,,,,,
5,129499,,,,,,,,,,,0.4703305661678314,,,,,,,,
5,129599,,,,,,,,,,,0.35403504967689514,,,,,,,,
5,129699,,,,,,,,,,,0.578265905380249,,,,,,,,
5,129799,,,,,,,,,,,0.40032076835632324,,,,,,,,
5,129899,,,,,,,,,,,0.3332067131996155,,,,,,,,
5,129999,,,,,,,,,,,0.5375010371208191,,,,,,,,
5,130099,,,,,,,,,,,0.46270689368247986,,,,,,,,
5,130199,,,,,,,,,,,0.4111146926879883,,,,,,,,
5,130299,,,,,,,,,,,0.24881771206855774,,,,,,,,
5,130399,,,,,,,,,,,0.40791305899620056,,,,,,,,
5,130499,,,,,,,,,,,0.4076588451862335,,,,,,,,
5,130599,,,,,,,,,,,0.5114145874977112,,,,,,,,
5,130699,,,,,,,,,,,0.26986753940582275,,,,,,,,
5,130799,,,,,,,,,,,0.3178679645061493,,,,,,,,
5,130899,,,,,,,,,,,0.41641712188720703,,,,,,,,
5,130999,,,,,,,,,,,0.48004573583602905,,,,,,,,
5,131099,,,,,,,,,,,0.5944010019302368,,,,,,,,
5,131199,,,,,,,,,,,0.4751392602920532,,,,,,,,
5,131299,,,,,,,,,,,0.33404380083084106,,,,,,,,
5,131399,,,,,,,,,,,0.381174236536026,,,,,,,,
5,131499,,,,,,,,,,,0.3373139500617981,,,,,,,,
5,131599,,,,,,,,,,,0.36362752318382263,,,,,,,,
5,131699,,,,,,,,,,,0.638847827911377,,,,,,,,
5,131799,,,,,,,,,,,0.38984614610671997,,,,,,,,
5,131899,,,,,,,,,,,0.48776477575302124,,,,,,,,
5,131999,,,,,,,,,,,0.5467920303344727,,,,,,,,
5,132099,,,,,,,,,,,0.43152377009391785,,,,,,,,
5,132199,,,,,,,,,,,0.5407660007476807,,,,,,,,
5,132299,,,,,,,,,,,0.4821193814277649,,,,,,,,
5,132399,,,,,,,,,,,0.6645886898040771,,,,,,,,
5,132499,,,,,,,,,,,0.5010045766830444,,,,,,,,
5,132599,,,,,,,,,,,0.4504857063293457,,,,,,,,
5,132699,,,,,,,,,,,0.40736544132232666,,,,,,,,
5,132799,,,,,,,,,,,0.39877164363861084,,,,,,,,
5,132899,,,,,,,,,,,0.5665457248687744,,,,,,,,
5,132999,,,,,,,,,,,0.4787083864212036,,,,,,,,
5,133099,,,,,,,,,,,0.3739805519580841,,,,,,,,
5,133199,,,,,,,,,,,0.49040693044662476,,,,,,,,
5,133299,,,,,,,,,,,0.4309287667274475,,,,,,,,
5,133399,,,,,,,,,,,0.44546276330947876,,,,,,,,
5,133499,,,,,,,,,,,0.5893769860267639,,,,,,,,
5,133599,,,,,,,,,,,0.5343129634857178,,,,,,,,
5,133699,,,,,,,,,,,0.4646538197994232,,,,,,,,
5,133799,,,,,,,,,,,0.29120463132858276,,,,,,,,
5,133899,,,,,,,,,,,0.4152472913265228,,,,,,,,
5,133999,,,,,,,,,,,0.35657528042793274,,,,,,,,
5,134099,,,,,,,,,,,0.3228972256183624,,,,,,,,
5,134199,,,,,,,,,,,0.5175326466560364,,,,,,,,
5,134299,,,,,,,,,,,0.42359688878059387,,,,,,,,
5,134399,,,,,,,,,,,0.4499179720878601,,,,,,,,
5,134499,,,,,,,,,,,0.4060400426387787,,,,,,,,
5,134599,,,,,,,,,,,0.5009429454803467,,,,,,,,
5,134699,,,,,,,,,,,0.4649626612663269,,,,,,,,
5,134799,,,,,,,,,,,0.41297847032546997,,,,,,,,
5,134899,,,,,,,,,,,0.3201027512550354,,,,,,,,
5,134999,,,,,,,,,,,0.5021977424621582,,,,,,,,
5,135099,,,,,,,,,,,0.4864230751991272,,,,,,,,
5,135199,,,,,,,,,,,0.33997297286987305,,,,,,,,
5,135299,,,,,,,,,,,0.5829312801361084,,,,,,,,
5,135399,,,,,,,,,,,0.36919891834259033,,,,,,,,
5,135499,,,,,,,,,,,0.4657815396785736,,,,,,,,
5,135599,,,,,,,,,,,0.26835212111473083,,,,,,,,
5,135699,,,,,,,,,,,0.4816772937774658,,,,,,,,
5,135799,,,,,,,,,,,0.5428780913352966,,,,,,,,
5,135899,,,,,,,,,,,0.48996153473854065,,,,,,,,
5,135999,,,,,,,,,,,0.3486131727695465,,,,,,,,
5,136099,,,,,,,,,,,0.45574676990509033,,,,,,,,
5,136199,,,,,,,,,,,0.35510504245758057,,,,,,,,
5,136299,,,,,,,,,,,0.3835175037384033,,,,,,,,
5,136399,,,,,,,,,,,0.377330482006073,,,,,,,,
5,136499,,,,,,,,,,,0.6454688310623169,,,,,,,,
5,136599,,,,,,,,,,,0.4269009232521057,,,,,,,,
5,136699,,,,,,,,,,,0.5742017030715942,,,,,,,,
5,136799,,,,,,,,,,,0.3943571448326111,,,,,,,,
5,136899,,,,,,,,,,,0.47663116455078125,,,,,,,,
5,136999,,,,,,,,,,,0.3604523241519928,,,,,,,,
5,137099,,,,,,,,,,,0.5126168727874756,,,,,,,,
5,137199,,,,,,,,,,,0.35154539346694946,,,,,,,,
5,137299,,,,,,,,,,,0.3034953773021698,,,,,,,,
5,137399,,,,,,,,,,,0.545035719871521,,,,,,,,
5,137499,,,,,,,,,,,0.3798288106918335,,,,,,,,
5,137599,,,,,,,,,,,0.4543266296386719,,,,,,,,
5,137699,,,,,,,,,,,0.31348738074302673,,,,,,,,
5,137799,,,,,,,,,,,0.345658540725708,,,,,,,,
5,137899,,,,,,,,,,,0.4116019904613495,,,,,,,,
5,137999,,,,,,,,,,,0.40748482942581177,,,,,,,,
5,138099,,,,,,,,,,,0.30753350257873535,,,,,,,,
5,138199,,,,,,,,,,,0.7203118801116943,,,,,,,,
5,138299,,,,,,,,,,,0.3761703372001648,,,,,,,,
5,138399,,,,,,,,,,,0.4166196584701538,,,,,,,,
5,138499,,,,,,,,,,,0.4271062910556793,,,,,,,,
5,138599,,,,,,,,,,,0.46624451875686646,,,,,,,,
5,138699,,,,,,,,,,,0.34902966022491455,,,,,,,,
5,138799,,,,,,,,,,,0.39724066853523254,,,,,,,,
5,138899,,,,,,,,,,,0.465938538312912,,,,,,,,
5,138999,,,,,,,,,,,0.4548797607421875,,,,,,,,
5,139099,,,,,,,,,,,0.4251856207847595,,,,,,,,
5,139199,,,,,,,,,,,0.4865759015083313,,,,,,,,
5,139299,,,,,,,,,,,0.844530463218689,,,,,,,,
5,139399,,,,,,,,,,,0.6186126470565796,,,,,,,,
5,139499,,,,,,,,,,,0.4470117390155792,,,,,,,,
5,139599,,,,,,,,,,,0.3561793565750122,,,,,,,,
5,139699,,,,,,,,,,,0.3806470036506653,,,,,,,,
5,139799,,,,,,,,,,,0.5082745552062988,,,,,,,,
5,139899,,,,,,,,,,,0.4150526821613312,,,,,,,,
5,139999,,,,,,,,,,,0.5713110566139221,,,,,,,,
5,140099,,,,,,,,,,,0.48125898838043213,,,,,,,,
5,140199,,,,,,,,,,,0.2732326090335846,,,,,,,,
5,140299,,,,,,,,,,,0.3588874936103821,,,,,,,,
5,140399,,,,,,,,,,,0.3800453543663025,,,,,,,,
5,140499,,,,,,,,,,,0.4226875305175781,,,,,,,,
5,140599,,,,,,,,,,,0.5596014261245728,,,,,,,,
5,140699,,,,,,,,,,,0.33299434185028076,,,,,,,,
5,140799,,,,,,,,,,,0.3589715361595154,,,,,,,,
5,140899,,,,,,,,,,,0.40711259841918945,,,,,,,,
5,140999,,,,,,,,,,,0.5080740451812744,,,,,,,,
5,141099,,,,,,,,,,,0.5862810611724854,,,,,,,,
5,141199,,,,,,,,,,,0.3499652147293091,,,,,,,,
5,141299,,,,,,,,,,,0.3117750287055969,,,,,,,,
5,141399,,,,,,,,,,,0.44214075803756714,,,,,,,,
5,141499,,,,,,,,,,,0.3668617606163025,,,,,,,,
5,141599,,,,,,,,,,,0.4503994882106781,,,,,,,,
5,141699,,,,,,,,,,,0.5170599222183228,,,,,,,,
5,141799,,,,,,,,,,,0.3695718050003052,,,,,,,,
5,141899,,,,,,,,,,,0.5111309885978699,,,,,,,,
5,141999,,,,,,,,,,,0.39739251136779785,,,,,,,,
5,142099,,,,,,,,,,,0.4075544774532318,,,,,,,,
5,142199,,,,,,,,,,,0.4173673093318939,,,,,,,,
5,142299,,,,,,,,,,,0.6942524909973145,,,,,,,,
5,142399,,,,,,,,,,,0.3247052729129791,,,,,,,,
5,142499,,,,,,,,,,,0.42575791478157043,,,,,,,,
5,142599,,,,,,,,,,,0.495688796043396,,,,,,,,
5,142699,,,,,,,,,,,0.30255746841430664,,,,,,,,
5,142799,,,,,,,,,,,0.5744327306747437,,,,,,,,
5,142899,,,,,,,,,,,0.4854469895362854,,,,,,,,
5,142999,,,,,,,,,,,0.3426242172718048,,,,,,,,
5,143099,,,,,,,,,,,0.5043765306472778,,,,,,,,
5,143199,,,,,,,,,,,0.25141239166259766,,,,,,,,
5,143299,,,,,,,,,,,0.2957800626754761,,,,,,,,
5,143399,,,,,,,,,,,0.33147501945495605,,,,,,,,
5,143499,,,,,,,,,,,0.4129337668418884,,,,,,,,
5,143599,,,,,,,,,,,0.47323381900787354,,,,,,,,
5,143699,,,,,,,,,,,0.3331297039985657,,,,,,,,
5,143799,,,,,,,,,,,0.366210013628006,,,,,,,,
5,143899,,,,,,,,,,,0.4854191243648529,,,,,,,,
5,143999,,,,,,,,,,,0.25926798582077026,,,,,,,,
5,144099,,,,,,,,,,,0.24753600358963013,,,,,,,,
5,144199,,,,,,,,,,,0.2617114782333374,,,,,,,,
5,144299,,,,,,,,,,,0.25207531452178955,,,,,,,,
5,144399,,,,,,,,,,,0.6581463813781738,,,,,,,,
5,144499,,,,,,,,,,,0.46529707312583923,,,,,,,,
5,144599,,,,,,,,,,,0.3798190653324127,,,,,,,,
5,144699,,,,,,,,,,,0.3751843571662903,,,,,,,,
5,144799,,,,,,,,,,,0.39373552799224854,,,,,,,,
5,144899,,,,,,,,,,,0.5033954381942749,,,,,,,,
5,144999,,,,,,,,,,,0.4999203085899353,,,,,,,,
5,145099,,,,,,,,,,,0.4721299409866333,,,,,,,,
5,145199,,,,,,,,,,,0.30809569358825684,,,,,,,,
5,145299,,,,,,,,,,,0.5221332311630249,,,,,,,,
5,145399,,,,,,,,,,,0.47858482599258423,,,,,,,,
5,145499,,,,,,,,,,,0.24827462434768677,,,,,,,,
5,145599,,,,,,,,,,,0.5089823007583618,,,,,,,,
5,145699,,,,,,,,,,,0.5141897201538086,,,,,,,,
5,145799,,,,,,,,,,,0.46108606457710266,,,,,,,,
5,145899,,,,,,,,,,,0.366616427898407,,,,,,,,
5,145999,,,,,,,,,,,0.4397239685058594,,,,,,,,
5,146099,,,,,,,,,,,0.30675163865089417,,,,,,,,
5,146199,,,,,,,,,,,0.35859301686286926,,,,,,,,
5,146299,,,,,,,,,,,0.4067927300930023,,,,,,,,
5,146399,,,,,,,,,,,0.46020764112472534,,,,,,,,
5,146499,,,,,,,,,,,0.5039839744567871,,,,,,,,
5,146599,,,,,,,,,,,0.4028299152851105,,,,,,,,
5,146699,,,,,,,,,,,0.48720234632492065,,,,,,,,
5,146799,,,,,,,,,,,0.34962594509124756,,,,,,,,
5,146899,,,,,,,,,,,0.3845643401145935,,,,,,,,
5,146999,,,,,,,,,,,0.3679625988006592,,,,,,,,
5,147099,,,,,,,,,,,0.2885579466819763,,,,,,,,
5,147199,,,,,,,,,,,0.45046713948249817,,,,,,,,
5,147299,,,,,,,,,,,0.5368953943252563,,,,,,,,
5,147399,,,,,,,,,,,0.5309065580368042,,,,,,,,
5,147499,,,,,,,,,,,0.5538792610168457,,,,,,,,
5,147599,,,,,,,,,,,0.5283218026161194,,,,,,,,
5,147699,,,,,,,,,,,0.3416384160518646,,,,,,,,
5,147799,,,,,,,,,,,0.4348471462726593,,,,,,,,
5,147899,,,,,,,,,,,0.422004759311676,,,,,,,,
5,147999,,,,,,,,,,,0.5770523548126221,,,,,,,,
5,148099,,,,,,,,,,,0.34497499465942383,,,,,,,,
5,148199,,,,,,,,,,,0.4292340576648712,,,,,,,,
5,148299,,,,,,,,,,,0.4141503572463989,,,,,,,,
5,148399,,,,,,,,,,,0.4098634123802185,,,,,,,,
5,148499,,,,,,,,,,,0.4933197498321533,,,,,,,,
5,148599,,,,,,,,,,,0.4056262969970703,,,,,,,,
5,148699,,,,,,,,,,,0.43147748708724976,,,,,,,,
5,148799,,,,,,,,,,,0.3509904146194458,,,,,,,,
5,148899,,,,,,,,,,,0.3249577283859253,,,,,,,,
5,148999,,,,,,,,,,,0.4249305725097656,,,,,,,,
5,149099,,,,,,,,,,,0.42044946551322937,,,,,,,,
5,149199,,,,,,,,,,,0.4537543058395386,,,,,,,,
5,149299,,,,,,,,,,,0.4610356390476227,,,,,,,,
5,149399,,,,,,,,,,,0.3889431655406952,,,,,,,,
5,149499,,,,,,,,,,,0.5351477861404419,,,,,,,,
5,149599,,,,,,,,,,,0.3691842555999756,,,,,,,,
5,149699,,,,,,,,,,,0.44800353050231934,,,,,,,,
5,149799,,,,,,,,,,,0.3068774938583374,,,,,,,,
5,149899,,,,,,,,,,,0.2889845669269562,,,,,,,,
5,149999,,,,,,,,,,,0.6789309978485107,,,,,,,,
5,150099,,,,,,,,,,,0.5034831762313843,,,,,,,,
5,150199,,,,,,,,,,,0.5512087345123291,,,,,,,,
5,150299,,,,,,,,,,,0.31172308325767517,,,,,,,,
5,150399,,,,,,,,,,,0.4563879370689392,,,,,,,,
5,150499,,,,,,,,,,,0.3929695188999176,,,,,,,,
5,150599,,,,,,,,,,,0.3941230773925781,,,,,,,,
5,150699,,,,,,,,,,,0.43431997299194336,,,,,,,,
5,150799,,,,,,,,,,,0.34293073415756226,,,,,,,,
5,150899,,,,,,,,,,,0.4248107671737671,,,,,,,,
5,150999,,,,,,,,,,,0.5410659313201904,,,,,,,,
5,151099,,,,,,,,,,,0.5766894817352295,,,,,,,,
5,151199,,,,,,,,,,,0.4884554147720337,,,,,,,,
5,151299,,,,,,,,,,,0.47698938846588135,,,,,,,,
5,151399,,,,,,,,,,,0.4192097783088684,,,,,,,,
5,151499,,,,,,,,,,,0.4985142946243286,,,,,,,,
5,151599,,,,,,,,,,,0.5048078298568726,,,,,,,,
5,151699,,,,,,,,,,,0.3820487856864929,,,,,,,,
5,151799,,,,,,,,,,,0.644160270690918,,,,,,,,
5,151899,,,,,,,,,,,0.4722771644592285,,,,,,,,
5,151999,,,,,,,,,,,0.294861376285553,,,,,,,,
5,152099,,,,,,,,,,,0.2297290414571762,,,,,,,,
5,152159,,,,,,,,,,,,,,0.8269685506820679,0.9141532778739929,0.8721437454223633,0.36810803413391113,0.8104646801948547,0.9439840912818909
5,152159,,,,,,,0.7940950393676758,0.873342752456665,0.8411115407943726,0.42123761773109436,,0.8101108074188232,0.8745793104171753,,,,,,
6,152199,,,,,,,,,,,0.37658262252807617,,,,,,,,
6,152299,,,,,,,,,,,0.4713645875453949,,,,,,,,
6,152399,,,,,,,,,,,0.41441643238067627,,,,,,,,
6,152499,,,,,,,,,,,0.40129929780960083,,,,,,,,
6,152599,,,,,,,,,,,0.4446074962615967,,,,,,,,
6,152699,,,,,,,,,,,0.3170550465583801,,,,,,,,
6,152799,,,,,,,,,,,0.5001108646392822,,,,,,,,
6,152899,,,,,,,,,,,0.28510650992393494,,,,,,,,
6,152999,,,,,,,,,,,0.42407846450805664,,,,,,,,
6,153099,,,,,,,,,,,0.5889270305633545,,,,,,,,
6,153199,,,,,,,,,,,0.36900579929351807,,,,,,,,
6,153299,,,,,,,,,,,0.6926645636558533,,,,,,,,
6,153399,,,,,,,,,,,0.4002305269241333,,,,,,,,
6,153499,,,,,,,,,,,0.4964248538017273,,,,,,,,
6,153599,,,,,,,,,,,0.2782256305217743,,,,,,,,
6,153699,,,,,,,,,,,0.3526468276977539,,,,,,,,
6,153799,,,,,,,,,,,0.43739381432533264,,,,,,,,
6,153899,,,,,,,,,,,0.2770887017250061,,,,,,,,
6,153999,,,,,,,,,,,0.3621469736099243,,,,,,,,
6,154099,,,,,,,,,,,0.2981383800506592,,,,,,,,
6,154199,,,,,,,,,,,0.3250063955783844,,,,,,,,
6,154299,,,,,,,,,,,0.26203444600105286,,,,,,,,
6,154399,,,,,,,,,,,0.3466523587703705,,,,,,,,
6,154499,,,,,,,,,,,0.44999822974205017,,,,,,,,
6,154599,,,,,,,,,,,0.5621446371078491,,,,,,,,
6,154699,,,,,,,,,,,0.4042743444442749,,,,,,,,
6,154799,,,,,,,,,,,0.3626441955566406,,,,,,,,
6,154899,,,,,,,,,,,0.3788948655128479,,,,,,,,
6,154999,,,,,,,,,,,0.2569609582424164,,,,,,,,
6,155099,,,,,,,,,,,0.3792719542980194,,,,,,,,
6,155199,,,,,,,,,,,0.38580459356307983,,,,,,,,
6,155299,,,,,,,,,,,0.4134521484375,,,,,,,,
6,155399,,,,,,,,,,,0.4354091286659241,,,,,,,,
6,155499,,,,,,,,,,,0.36134758591651917,,,,,,,,
6,155599,,,,,,,,,,,0.4441937208175659,,,,,,,,
6,155699,,,,,,,,,,,0.5772225856781006,,,,,,,,
6,155799,,,,,,,,,,,0.7040797472000122,,,,,,,,
6,155899,,,,,,,,,,,0.4553816318511963,,,,,,,,
6,155999,,,,,,,,,,,0.4452378749847412,,,,,,,,
6,156099,,,,,,,,,,,0.2142120599746704,,,,,,,,
6,156199,,,,,,,,,,,0.3152613937854767,,,,,,,,
6,156299,,,,,,,,,,,0.4578571617603302,,,,,,,,
6,156399,,,,,,,,,,,0.47472572326660156,,,,,,,,
6,156499,,,,,,,,,,,0.3556424379348755,,,,,,,,
6,156599,,,,,,,,,,,0.4994376599788666,,,,,,,,
6,156699,,,,,,,,,,,0.480627179145813,,,,,,,,
6,156799,,,,,,,,,,,0.44690781831741333,,,,,,,,
6,156899,,,,,,,,,,,0.6286703944206238,,,,,,,,
6,156999,,,,,,,,,,,0.40433183312416077,,,,,,,,
6,157099,,,,,,,,,,,0.49226152896881104,,,,,,,,
6,157199,,,,,,,,,,,0.38315579295158386,,,,,,,,
6,157299,,,,,,,,,,,0.359663724899292,,,,,,,,
6,157399,,,,,,,,,,,0.31487998366355896,,,,,,,,
6,157499,,,,,,,,,,,0.3568982779979706,,,,,,,,
6,157599,,,,,,,,,,,0.2976844012737274,,,,,,,,
6,157699,,,,,,,,,,,0.41604307293891907,,,,,,,,
6,157799,,,,,,,,,,,0.4770457148551941,,,,,,,,
6,157899,,,,,,,,,,,0.4492170214653015,,,,,,,,
6,157999,,,,,,,,,,,0.3746720552444458,,,,,,,,
6,158099,,,,,,,,,,,0.2845270037651062,,,,,,,,
6,158199,,,,,,,,,,,0.4369257986545563,,,,,,,,
6,158299,,,,,,,,,,,0.5395827293395996,,,,,,,,
6,158399,,,,,,,,,,,0.40203362703323364,,,,,,,,
6,158499,,,,,,,,,,,0.32728320360183716,,,,,,,,
6,158599,,,,,,,,,,,0.38652166724205017,,,,,,,,
6,158699,,,,,,,,,,,0.5647270679473877,,,,,,,,
6,158799,,,,,,,,,,,0.2961970865726471,,,,,,,,
6,158899,,,,,,,,,,,0.35566169023513794,,,,,,,,
6,158999,,,,,,,,,,,0.35153481364250183,,,,,,,,
6,159099,,,,,,,,,,,0.5035057067871094,,,,,,,,
6,159199,,,,,,,,,,,0.5236976742744446,,,,,,,,
6,159299,,,,,,,,,,,0.41082385182380676,,,,,,,,
6,159399,,,,,,,,,,,0.4040507376194,,,,,,,,
6,159499,,,,,,,,,,,0.39567771553993225,,,,,,,,
6,159599,,,,,,,,,,,0.3103325068950653,,,,,,,,
6,159699,,,,,,,,,,,0.3926648497581482,,,,,,,,
6,159799,,,,,,,,,,,0.44124916195869446,,,,,,,,
6,159899,,,,,,,,,,,0.5136549472808838,,,,,,,,
6,159999,,,,,,,,,,,0.552700400352478,,,,,,,,
6,160099,,,,,,,,,,,0.31444889307022095,,,,,,,,
6,160199,,,,,,,,,,,0.30585289001464844,,,,,,,,
6,160299,,,,,,,,,,,0.2693139910697937,,,,,,,,
6,160399,,,,,,,,,,,0.3881070017814636,,,,,,,,
6,160499,,,,,,,,,,,0.40133869647979736,,,,,,,,
6,160599,,,,,,,,,,,0.2755923271179199,,,,,,,,
6,160699,,,,,,,,,,,0.3811922073364258,,,,,,,,
6,160799,,,,,,,,,,,0.2612588703632355,,,,,,,,
6,160899,,,,,,,,,,,0.4304298162460327,,,,,,,,
6,160999,,,,,,,,,,,0.42424559593200684,,,,,,,,
6,161099,,,,,,,,,,,0.40575462579727173,,,,,,,,
6,161199,,,,,,,,,,,0.18337270617485046,,,,,,,,
6,161299,,,,,,,,,,,0.33552002906799316,,,,,,,,
6,161399,,,,,,,,,,,0.3814530372619629,,,,,,,,
6,161499,,,,,,,,,,,0.49616163969039917,,,,,,,,
6,161599,,,,,,,,,,,0.400686115026474,,,,,,,,
6,161699,,,,,,,,,,,0.33452504873275757,,,,,,,,
6,161799,,,,,,,,,,,0.5660945177078247,,,,,,,,
6,161899,,,,,,,,,,,0.4966089129447937,,,,,,,,
6,161999,,,,,,,,,,,0.5546473264694214,,,,,,,,
6,162099,,,,,,,,,,,0.4929831326007843,,,,,,,,
6,162199,,,,,,,,,,,0.26074841618537903,,,,,,,,
6,162299,,,,,,,,,,,0.4038151204586029,,,,,,,,
6,162399,,,,,,,,,,,0.360556960105896,,,,,,,,
6,162499,,,,,,,,,,,0.2368091642856598,,,,,,,,
6,162599,,,,,,,,,,,0.26726818084716797,,,,,,,,
6,162699,,,,,,,,,,,0.3854684829711914,,,,,,,,
6,162799,,,,,,,,,,,0.3637169897556305,,,,,,,,
6,162899,,,,,,,,,,,0.6882638335227966,,,,,,,,
6,162999,,,,,,,,,,,0.5342134833335876,,,,,,,,
6,163099,,,,,,,,,,,0.5605036616325378,,,,,,,,
6,163199,,,,,,,,,,,0.4748609662055969,,,,,,,,
6,163299,,,,,,,,,,,0.47451406717300415,,,,,,,,
6,163399,,,,,,,,,,,0.4392262101173401,,,,,,,,
6,163499,,,,,,,,,,,0.39295846223831177,,,,,,,,
6,163599,,,,,,,,,,,0.4874298572540283,,,,,,,,
6,163699,,,,,,,,,,,0.6182923913002014,,,,,,,,
6,163799,,,,,,,,,,,0.5307302474975586,,,,,,,,
6,163899,,,,,,,,,,,0.38270503282546997,,,,,,,,
6,163999,,,,,,,,,,,0.387725293636322,,,,,,,,
6,164099,,,,,,,,,,,0.5210910439491272,,,,,,,,
6,164199,,,,,,,,,,,0.38792315125465393,,,,,,,,
6,164299,,,,,,,,,,,0.3007725775241852,,,,,,,,
6,164399,,,,,,,,,,,0.5687276721000671,,,,,,,,
6,164499,,,,,,,,,,,0.36448127031326294,,,,,,,,
6,164599,,,,,,,,,,,0.47649824619293213,,,,,,,,
6,164699,,,,,,,,,,,0.31909579038619995,,,,,,,,
6,164799,,,,,,,,,,,0.3793659806251526,,,,,,,,
6,164899,,,,,,,,,,,0.6165400743484497,,,,,,,,
6,164999,,,,,,,,,,,0.3656466007232666,,,,,,,,
6,165099,,,,,,,,,,,0.5141690969467163,,,,,,,,
6,165199,,,,,,,,,,,0.2241266369819641,,,,,,,,
6,165299,,,,,,,,,,,0.39110517501831055,,,,,,,,
6,165399,,,,,,,,,,,0.2906823754310608,,,,,,,,
6,165499,,,,,,,,,,,0.33936262130737305,,,,,,,,
6,165599,,,,,,,,,,,0.5134238600730896,,,,,,,,
6,165699,,,,,,,,,,,0.37966859340667725,,,,,,,,
6,165799,,,,,,,,,,,0.31464195251464844,,,,,,,,
6,165899,,,,,,,,,,,0.38306477665901184,,,,,,,,
6,165999,,,,,,,,,,,0.47621020674705505,,,,,,,,
6,166099,,,,,,,,,,,0.5271469354629517,,,,,,,,
6,166199,,,,,,,,,,,0.6518954038619995,,,,,,,,
6,166299,,,,,,,,,,,0.36166486144065857,,,,,,,,
6,166399,,,,,,,,,,,0.3936028480529785,,,,,,,,
6,166499,,,,,,,,,,,0.5367988348007202,,,,,,,,
6,166599,,,,,,,,,,,0.2769542336463928,,,,,,,,
6,166699,,,,,,,,,,,0.38494399189949036,,,,,,,,
6,166799,,,,,,,,,,,0.22433167695999146,,,,,,,,
6,166899,,,,,,,,,,,0.37309473752975464,,,,,,,,
6,166999,,,,,,,,,,,0.45691734552383423,,,,,,,,
6,167099,,,,,,,,,,,0.4308571517467499,,,,,,,,
6,167199,,,,,,,,,,,0.3639973998069763,,,,,,,,
6,167299,,,,,,,,,,,0.4717438519001007,,,,,,,,
6,167399,,,,,,,,,,,0.5648961663246155,,,,,,,,
6,167499,,,,,,,,,,,0.40149620175361633,,,,,,,,
6,167599,,,,,,,,,,,0.4405880570411682,,,,,,,,
6,167699,,,,,,,,,,,0.2824411690235138,,,,,,,,
6,167799,,,,,,,,,,,0.4170309901237488,,,,,,,,
6,167899,,,,,,,,,,,0.4962133765220642,,,,,,,,
6,167999,,,,,,,,,,,0.46945324540138245,,,,,,,,
6,168099,,,,,,,,,,,0.38961511850357056,,,,,,,,
6,168199,,,,,,,,,,,0.24784636497497559,,,,,,,,
6,168299,,,,,,,,,,,0.4003855288028717,,,,,,,,
6,168399,,,,,,,,,,,0.5818787217140198,,,,,,,,
6,168499,,,,,,,,,,,0.2893291711807251,,,,,,,,
6,168599,,,,,,,,,,,0.44907307624816895,,,,,,,,
6,168699,,,,,,,,,,,0.5413087606430054,,,,,,,,
6,168799,,,,,,,,,,,0.39587485790252686,,,,,,,,
6,168899,,,,,,,,,,,0.4446567893028259,,,,,,,,
6,168999,,,,,,,,,,,0.6366682052612305,,,,,,,,
6,169099,,,,,,,,,,,0.46008533239364624,,,,,,,,
6,169199,,,,,,,,,,,0.5020993947982788,,,,,,,,
6,169299,,,,,,,,,,,0.3248867988586426,,,,,,,,
6,169399,,,,,,,,,,,0.31702181696891785,,,,,,,,
6,169499,,,,,,,,,,,0.3292055130004883,,,,,,,,
6,169599,,,,,,,,,,,0.450484037399292,,,,,,,,
6,169699,,,,,,,,,,,0.40352749824523926,,,,,,,,
6,169799,,,,,,,,,,,0.29009467363357544,,,,,,,,
6,169899,,,,,,,,,,,0.38182714581489563,,,,,,,,
6,169999,,,,,,,,,,,0.2054864466190338,,,,,,,,
6,170099,,,,,,,,,,,0.40541788935661316,,,,,,,,
6,170199,,,,,,,,,,,0.39628320932388306,,,,,,,,
6,170299,,,,,,,,,,,0.388854056596756,,,,,,,,
6,170399,,,,,,,,,,,0.35137778520584106,,,,,,,,
6,170499,,,,,,,,,,,0.5319030284881592,,,,,,,,
6,170599,,,,,,,,,,,0.4285091757774353,,,,,,,,
6,170699,,,,,,,,,,,0.427842378616333,,,,,,,,
6,170799,,,,,,,,,,,0.6187838315963745,,,,,,,,
6,170899,,,,,,,,,,,0.3637940287590027,,,,,,,,
6,170999,,,,,,,,,,,0.4813225269317627,,,,,,,,
6,171099,,,,,,,,,,,0.5518208742141724,,,,,,,,
6,171199,,,,,,,,,,,0.3401563763618469,,,,,,,,
6,171299,,,,,,,,,,,0.37357282638549805,,,,,,,,
6,171399,,,,,,,,,,,0.44549018144607544,,,,,,,,
6,171499,,,,,,,,,,,0.3041636049747467,,,,,,,,
6,171599,,,,,,,,,,,0.427246630191803,,,,,,,,
6,171699,,,,,,,,,,,0.41156065464019775,,,,,,,,
6,171799,,,,,,,,,,,0.39079487323760986,,,,,,,,
6,171899,,,,,,,,,,,0.21451833844184875,,,,,,,,
6,171999,,,,,,,,,,,0.5067681074142456,,,,,,,,
6,172099,,,,,,,,,,,0.2960912883281708,,,,,,,,
6,172199,,,,,,,,,,,0.3025253713130951,,,,,,,,
6,172299,,,,,,,,,,,0.33350038528442383,,,,,,,,
6,172399,,,,,,,,,,,0.4127441644668579,,,,,,,,
6,172499,,,,,,,,,,,0.3476259708404541,,,,,,,,
6,172599,,,,,,,,,,,0.37411630153656006,,,,,,,,
6,172699,,,,,,,,,,,0.7712819576263428,,,,,,,,
6,172799,,,,,,,,,,,0.43672776222229004,,,,,,,,
6,172899,,,,,,,,,,,0.36536988615989685,,,,,,,,
6,172999,,,,,,,,,,,0.3454880714416504,,,,,,,,
6,173099,,,,,,,,,,,0.2787973880767822,,,,,,,,
6,173199,,,,,,,,,,,0.35986563563346863,,,,,,,,
6,173299,,,,,,,,,,,0.2914137542247772,,,,,,,,
6,173399,,,,,,,,,,,0.27755099534988403,,,,,,,,
6,173499,,,,,,,,,,,0.5719408988952637,,,,,,,,
6,173599,,,,,,,,,,,0.3135731518268585,,,,,,,,
6,173699,,,,,,,,,,,0.31986793875694275,,,,,,,,
6,173799,,,,,,,,,,,0.34303227066993713,,,,,,,,
6,173899,,,,,,,,,,,0.32250547409057617,,,,,,,,
6,173999,,,,,,,,,,,0.5168145895004272,,,,,,,,
6,174099,,,,,,,,,,,0.3291386365890503,,,,,,,,
6,174199,,,,,,,,,,,0.2341189682483673,,,,,,,,
6,174299,,,,,,,,,,,0.38361042737960815,,,,,,,,
6,174399,,,,,,,,,,,0.4497794508934021,,,,,,,,
6,174499,,,,,,,,,,,0.3191048800945282,,,,,,,,
6,174599,,,,,,,,,,,0.43891966342926025,,,,,,,,
6,174699,,,,,,,,,,,0.3024749159812927,,,,,,,,
6,174799,,,,,,,,,,,0.31135809421539307,,,,,,,,
6,174899,,,,,,,,,,,0.3368152976036072,,,,,,,,
6,174999,,,,,,,,,,,0.6998407244682312,,,,,,,,
6,175099,,,,,,,,,,,0.27408525347709656,,,,,,,,
6,175199,,,,,,,,,,,0.4462900757789612,,,,,,,,
6,175299,,,,,,,,,,,0.2927258610725403,,,,,,,,
6,175399,,,,,,,,,,,0.5006071925163269,,,,,,,,
6,175499,,,,,,,,,,,0.32928144931793213,,,,,,,,
6,175599,,,,,,,,,,,0.48584824800491333,,,,,,,,
6,175699,,,,,,,,,,,0.43901216983795166,,,,,,,,
6,175799,,,,,,,,,,,0.42776572704315186,,,,,,,,
6,175899,,,,,,,,,,,0.2951608896255493,,,,,,,,
6,175999,,,,,,,,,,,0.5335729718208313,,,,,,,,
6,176099,,,,,,,,,,,0.4446653127670288,,,,,,,,
6,176199,,,,,,,,,,,0.2696595788002014,,,,,,,,
6,176299,,,,,,,,,,,0.4588862657546997,,,,,,,,
6,176399,,,,,,,,,,,0.4372689127922058,,,,,,,,
6,176499,,,,,,,,,,,0.3393043279647827,,,,,,,,
6,176599,,,,,,,,,,,0.26366308331489563,,,,,,,,
6,176699,,,,,,,,,,,0.3890230655670166,,,,,,,,
6,176799,,,,,,,,,,,0.36669591069221497,,,,,,,,
6,176899,,,,,,,,,,,0.4544183015823364,,,,,,,,
6,176999,,,,,,,,,,,0.3256150484085083,,,,,,,,
6,177099,,,,,,,,,,,0.33361130952835083,,,,,,,,
6,177199,,,,,,,,,,,0.43823549151420593,,,,,,,,
6,177299,,,,,,,,,,,0.49376413226127625,,,,,,,,
6,177399,,,,,,,,,,,0.35632550716400146,,,,,,,,
6,177499,,,,,,,,,,,0.49316415190696716,,,,,,,,
6,177519,,,,,,,,,,,,,,0.803886890411377,0.904955267906189,0.8589527606964111,0.43564334511756897,0.7803398370742798,0.9551793932914734
6,177519,,,,,,,0.8020862340927124,0.8824138641357422,0.8469830751419067,0.4072049558162689,,0.8172277808189392,0.8789870142936707,,,,,,
7,177599,,,,,,,,,,,0.2575470209121704,,,,,,,,
7,177699,,,,,,,,,,,0.38093721866607666,,,,,,,,
7,177799,,,,,,,,,,,0.4603554308414459,,,,,,,,
7,177899,,,,,,,,,,,0.5635377168655396,,,,,,,,
7,177999,,,,,,,,,,,0.5256518721580505,,,,,,,,
7,178099,,,,,,,,,,,0.4862191677093506,,,,,,,,
7,178199,,,,,,,,,,,0.3865596354007721,,,,,,,,
7,178299,,,,,,,,,,,0.36880287528038025,,,,,,,,
7,178399,,,,,,,,,,,0.2500424087047577,,,,,,,,
7,178499,,,,,,,,,,,0.6119592189788818,,,,,,,,
7,178599,,,,,,,,,,,0.3045475482940674,,,,,,,,
7,178699,,,,,,,,,,,0.4856925904750824,,,,,,,,
7,178799,,,,,,,,,,,0.4815019369125366,,,,,,,,
7,178899,,,,,,,,,,,0.42112433910369873,,,,,,,,
7,178999,,,,,,,,,,,0.29106903076171875,,,,,,,,
7,179099,,,,,,,,,,,0.24760401248931885,,,,,,,,
7,179199,,,,,,,,,,,0.2721027135848999,,,,,,,,
7,179299,,,,,,,,,,,0.36405637860298157,,,,,,,,
7,179399,,,,,,,,,,,0.2430892139673233,,,,,,,,
7,179499,,,,,,,,,,,0.49042949080467224,,,,,,,,
7,179599,,,,,,,,,,,0.3073192238807678,,,,,,,,
7,179699,,,,,,,,,,,0.27915892004966736,,,,,,,,
7,179799,,,,,,,,,,,0.5037644505500793,,,,,,,,
7,179899,,,,,,,,,,,0.3246912956237793,,,,,,,,
7,179999,,,,,,,,,,,0.3816394805908203,,,,,,,,
7,180099,,,,,,,,,,,0.4722769558429718,,,,,,,,
7,180199,,,,,,,,,,,0.5047993659973145,,,,,,,,
7,180299,,,,,,,,,,,0.28408488631248474,,,,,,,,
7,180399,,,,,,,,,,,0.2937198281288147,,,,,,,,
7,180499,,,,,,,,,,,0.48418229818344116,,,,,,,,
7,180599,,,,,,,,,,,0.41702088713645935,,,,,,,,
7,180699,,,,,,,,,,,0.3371158540248871,,,,,,,,
7,180799,,,,,,,,,,,0.3309316039085388,,,,,,,,
7,180899,,,,,,,,,,,0.3671215772628784,,,,,,,,
7,180999,,,,,,,,,,,0.4115733802318573,,,,,,,,
7,181099,,,,,,,,,,,0.5656998157501221,,,,,,,,
7,181199,,,,,,,,,,,0.39449548721313477,,,,,,,,
7,181299,,,,,,,,,,,0.38780438899993896,,,,,,,,
7,181399,,,,,,,,,,,0.15980148315429688,,,,,,,,
7,181499,,,,,,,,,,,0.26548612117767334,,,,,,,,
7,181599,,,,,,,,,,,0.2717132866382599,,,,,,,,
7,181699,,,,,,,,,,,0.3027501702308655,,,,,,,,
7,181799,,,,,,,,,,,0.4940257668495178,,,,,,,,
7,181899,,,,,,,,,,,0.4546251893043518,,,,,,,,
7,181999,,,,,,,,,,,0.4903985857963562,,,,,,,,
7,182099,,,,,,,,,,,0.4883919954299927,,,,,,,,
7,182199,,,,,,,,,,,0.35945212841033936,,,,,,,,
7,182299,,,,,,,,,,,0.3756064772605896,,,,,,,,
7,182399,,,,,,,,,,,0.3578566312789917,,,,,,,,
7,182499,,,,,,,,,,,0.41351640224456787,,,,,,,,
7,182599,,,,,,,,,,,0.5131824016571045,,,,,,,,
7,182699,,,,,,,,,,,0.3563939332962036,,,,,,,,
7,182799,,,,,,,,,,,0.4959893822669983,,,,,,,,
7,182899,,,,,,,,,,,0.3363378047943115,,,,,,,,
7,182999,,,,,,,,,,,0.4551774859428406,,,,,,,,
7,183099,,,,,,,,,,,0.36530041694641113,,,,,,,,
7,183199,,,,,,,,,,,0.3855661153793335,,,,,,,,
7,183299,,,,,,,,,,,0.3791569769382477,,,,,,,,
7,183399,,,,,,,,,,,0.23586122691631317,,,,,,,,
7,183499,,,,,,,,,,,0.33822718262672424,,,,,,,,
7,183599,,,,,,,,,,,0.5611411333084106,,,,,,,,
7,183699,,,,,,,,,,,0.4053650498390198,,,,,,,,
7,183799,,,,,,,,,,,0.3783874213695526,,,,,,,,
7,183899,,,,,,,,,,,0.5226640701293945,,,,,,,,
7,183999,,,,,,,,,,,0.42199283838272095,,,,,,,,
7,184099,,,,,,,,,,,0.41049033403396606,,,,,,,,
7,184199,,,,,,,,,,,0.3119993209838867,,,,,,,,
7,184299,,,,,,,,,,,0.4115513861179352,,,,,,,,
7,184399,,,,,,,,,,,0.46890097856521606,,,,,,,,
7,184499,,,,,,,,,,,0.40547412633895874,,,,,,,,
7,184599,,,,,,,,,,,0.31712403893470764,,,,,,,,
7,184699,,,,,,,,,,,0.3870413899421692,,,,,,,,
7,184799,,,,,,,,,,,0.300545334815979,,,,,,,,
7,184899,,,,,,,,,,,0.2774118185043335,,,,,,,,
7,184999,,,,,,,,,,,0.4658837914466858,,,,,,,,
7,185099,,,,,,,,,,,0.31937918066978455,,,,,,,,
7,185199,,,,,,,,,,,0.4682779014110565,,,,,,,,
7,185299,,,,,,,,,,,0.41185516119003296,,,,,,,,
7,185399,,,,,,,,,,,0.3477290868759155,,,,,,,,
7,185499,,,,,,,,,,,0.3544597625732422,,,,,,,,
7,185599,,,,,,,,,,,0.4901682734489441,,,,,,,,
7,185699,,,,,,,,,,,0.4030497074127197,,,,,,,,
7,185799,,,,,,,,,,,0.4617587924003601,,,,,,,,
7,185899,,,,,,,,,,,0.2107703685760498,,,,,,,,
7,185999,,,,,,,,,,,0.4145069420337677,,,,,,,,
7,186099,,,,,,,,,,,0.3849670886993408,,,,,,,,
7,186199,,,,,,,,,,,0.5860973596572876,,,,,,,,
7,186299,,,,,,,,,,,0.4164726436138153,,,,,,,,
7,186399,,,,,,,,,,,0.4937422275543213,,,,,,,,
7,186499,,,,,,,,,,,0.5589696168899536,,,,,,,,
7,186599,,,,,,,,,,,0.4167487621307373,,,,,,,,
7,186699,,,,,,,,,,,0.4129582643508911,,,,,,,,
7,186799,,,,,,,,,,,0.41479870676994324,,,,,,,,
7,186899,,,,,,,,,,,0.40243929624557495,,,,,,,,
7,186999,,,,,,,,,,,0.515343427658081,,,,,,,,
7,187099,,,,,,,,,,,0.44829320907592773,,,,,,,,
7,187199,,,,,,,,,,,0.33471059799194336,,,,,,,,
7,187299,,,,,,,,,,,0.36785590648651123,,,,,,,,
7,187399,,,,,,,,,,,0.395516574382782,,,,,,,,
7,187499,,,,,,,,,,,0.35704368352890015,,,,,,,,
7,187599,,,,,,,,,,,0.42977625131607056,,,,,,,,
7,187699,,,,,,,,,,,0.38649410009384155,,,,,,,,
7,187799,,,,,,,,,,,0.4526003301143646,,,,,,,,
7,187899,,,,,,,,,,,0.2683694064617157,,,,,,,,
7,187999,,,,,,,,,,,0.4666968286037445,,,,,,,,
7,188099,,,,,,,,,,,0.5711520910263062,,,,,,,,
7,188199,,,,,,,,,,,0.3233068585395813,,,,,,,,
7,188299,,,,,,,,,,,0.2712922990322113,,,,,,,,
7,188399,,,,,,,,,,,0.33976274728775024,,,,,,,,
7,188499,,,,,,,,,,,0.4726729393005371,,,,,,,,
7,188599,,,,,,,,,,,0.3793252110481262,,,,,,,,
7,188699,,,,,,,,,,,0.44630753993988037,,,,,,,,
7,188799,,,,,,,,,,,0.4554827809333801,,,,,,,,
7,188899,,,,,,,,,,,0.2780221104621887,,,,,,,,
7,188999,,,,,,,,,,,0.39229416847229004,,,,,,,,
7,189099,,,,,,,,,,,0.44744372367858887,,,,,,,,
7,189199,,,,,,,,,,,0.36807626485824585,,,,,,,,
7,189299,,,,,,,,,,,0.29843488335609436,,,,,,,,
7,189399,,,,,,,,,,,0.3472808599472046,,,,,,,,
7,189499,,,,,,,,,,,0.286946177482605,,,,,,,,
7,189599,,,,,,,,,,,0.38883501291275024,,,,,,,,
7,189699,,,,,,,,,,,0.27030378580093384,,,,,,,,
7,189799,,,,,,,,,,,0.3785524070262909,,,,,,,,
7,189899,,,,,,,,,,,0.4384271204471588,,,,,,,,
7,189999,,,,,,,,,,,0.35429930686950684,,,,,,,,
7,190099,,,,,,,,,,,0.33350130915641785,,,,,,,,
7,190199,,,,,,,,,,,0.34325987100601196,,,,,,,,
7,190299,,,,,,,,,,,0.38649821281433105,,,,,,,,
7,190399,,,,,,,,,,,0.3509192168712616,,,,,,,,
7,190499,,,,,,,,,,,0.3124573528766632,,,,,,,,
7,190599,,,,,,,,,,,0.36789602041244507,,,,,,,,
7,190699,,,,,,,,,,,0.4561680555343628,,,,,,,,
7,190799,,,,,,,,,,,0.3538364768028259,,,,,,,,
7,190899,,,,,,,,,,,0.20665374398231506,,,,,,,,
7,190999,,,,,,,,,,,0.4762032628059387,,,,,,,,
7,191099,,,,,,,,,,,0.2916070818901062,,,,,,,,
7,191199,,,,,,,,,,,0.43106475472450256,,,,,,,,
7,191299,,,,,,,,,,,0.3409697413444519,,,,,,,,
7,191399,,,,,,,,,,,0.3877421021461487,,,,,,,,
7,191499,,,,,,,,,,,0.47910889983177185,,,,,,,,
7,191599,,,,,,,,,,,0.47363045811653137,,,,,,,,
7,191699,,,,,,,,,,,0.3781222701072693,,,,,,,,
7,191799,,,,,,,,,,,0.22196821868419647,,,,,,,,
7,191899,,,,,,,,,,,0.4978424906730652,,,,,,,,
7,191999,,,,,,,,,,,0.26556724309921265,,,,,,,,
7,192099,,,,,,,,,,,0.3482520878314972,,,,,,,,
7,192199,,,,,,,,,,,0.45347774028778076,,,,,,,,
7,192299,,,,,,,,,,,0.31338798999786377,,,,,,,,
7,192399,,,,,,,,,,,0.36339476704597473,,,,,,,,
7,192499,,,,,,,,,,,0.4526439309120178,,,,,,,,
7,192599,,,,,,,,,,,0.3608899712562561,,,,,,,,
7,192699,,,,,,,,,,,0.2920488119125366,,,,,,,,
7,192799,,,,,,,,,,,0.29555779695510864,,,,,,,,
7,192899,,,,,,,,,,,0.2653529644012451,,,,,,,,
7,192999,,,,,,,,,,,0.3925802409648895,,,,,,,,
7,193099,,,,,,,,,,,0.3256194591522217,,,,,,,,
7,193199,,,,,,,,,,,0.3018062710762024,,,,,,,,
7,193299,,,,,,,,,,,0.36863791942596436,,,,,,,,
7,193399,,,,,,,,,,,0.40087324380874634,,,,,,,,
7,193499,,,,,,,,,,,0.26183557510375977,,,,,,,,
7,193599,,,,,,,,,,,0.20590421557426453,,,,,,,,
7,193699,,,,,,,,,,,0.4216880798339844,,,,,,,,
7,193799,,,,,,,,,,,0.3980509340763092,,,,,,,,
7,193899,,,,,,,,,,,0.37556272745132446,,,,,,,,
7,193999,,,,,,,,,,,0.4921649098396301,,,,,,,,
7,194099,,,,,,,,,,,0.38860711455345154,,,,,,,,
7,194199,,,,,,,,,,,0.32263317704200745,,,,,,,,
7,194299,,,,,,,,,,,0.35232433676719666,,,,,,,,
7,194399,,,,,,,,,,,0.48783624172210693,,,,,,,,
7,194499,,,,,,,,,,,0.24358606338500977,,,,,,,,
7,194599,,,,,,,,,,,0.3657025098800659,,,,,,,,
7,194699,,,,,,,,,,,0.35826337337493896,,,,,,,,
7,194799,,,,,,,,,,,0.26734426617622375,,,,,,,,
7,194899,,,,,,,,,,,0.343689501285553,,,,,,,,
7,194999,,,,,,,,,,,0.3819585144519806,,,,,,,,
7,195099,,,,,,,,,,,0.505162239074707,,,,,,,,
7,195199,,,,,,,,,,,0.27692851424217224,,,,,,,,
7,195299,,,,,,,,,,,0.4534544348716736,,,,,,,,
7,195399,,,,,,,,,,,0.36368024349212646,,,,,,,,
7,195499,,,,,,,,,,,0.3236496150493622,,,,,,,,
7,195599,,,,,,,,,,,0.37055879831314087,,,,,,,,
7,195699,,,,,,,,,,,0.504568338394165,,,,,,,,
7,195799,,,,,,,,,,,0.4122495651245117,,,,,,,,
7,195899,,,,,,,,,,,0.22608742117881775,,,,,,,,
7,195999,,,,,,,,,,,0.3205412030220032,,,,,,,,
7,196099,,,,,,,,,,,0.5066693425178528,,,,,,,,
7,196199,,,,,,,,,,,0.42425328493118286,,,,,,,,
7,196299,,,,,,,,,,,0.6446248292922974,,,,,,,,
7,196399,,,,,,,,,,,0.2453746497631073,,,,,,,,
7,196499,,,,,,,,,,,0.31194770336151123,,,,,,,,
7,196599,,,,,,,,,,,0.28509989380836487,,,,,,,,
7,196699,,,,,,,,,,,0.3179283142089844,,,,,,,,
7,196799,,,,,,,,,,,0.447360634803772,,,,,,,,
7,196899,,,,,,,,,,,0.5303257703781128,,,,,,,,
7,196999,,,,,,,,,,,0.492289274930954,,,,,,,,
7,197099,,,,,,,,,,,0.3961620330810547,,,,,,,,
7,197199,,,,,,,,,,,0.3248957097530365,,,,,,,,
7,197299,,,,,,,,,,,0.3508283495903015,,,,,,,,
7,197399,,,,,,,,,,,0.5662468671798706,,,,,,,,
7,197499,,,,,,,,,,,0.42868512868881226,,,,,,,,
7,197599,,,,,,,,,,,0.34338700771331787,,,,,,,,
7,197699,,,,,,,,,,,0.3965286910533905,,,,,,,,
7,197799,,,,,,,,,,,0.306133508682251,,,,,,,,
7,197899,,,,,,,,,,,0.282465398311615,,,,,,,,
7,197999,,,,,,,,,,,0.2815497815608978,,,,,,,,
7,198099,,,,,,,,,,,0.4335002601146698,,,,,,,,
7,198199,,,,,,,,,,,0.44198381900787354,,,,,,,,
7,198299,,,,,,,,,,,0.5520709156990051,,,,,,,,
7,198399,,,,,,,,,,,0.29752659797668457,,,,,,,,
7,198499,,,,,,,,,,,0.3088768720626831,,,,,,,,
7,198599,,,,,,,,,,,0.4480670094490051,,,,,,,,
7,198699,,,,,,,,,,,0.3076733946800232,,,,,,,,
7,198799,,,,,,,,,,,0.46185970306396484,,,,,,,,
7,198899,,,,,,,,,,,0.4389018714427948,,,,,,,,
7,198999,,,,,,,,,,,0.25587302446365356,,,,,,,,
7,199099,,,,,,,,,,,0.3359375596046448,,,,,,,,
7,199199,,,,,,,,,,,0.3544089198112488,,,,,,,,
7,199299,,,,,,,,,,,0.28289684653282166,,,,,,,,
7,199399,,,,,,,,,,,0.4906957149505615,,,,,,,,
7,199499,,,,,,,,,,,0.3956182301044464,,,,,,,,
7,199599,,,,,,,,,,,0.3922208249568939,,,,,,,,
7,199699,,,,,,,,,,,0.26293790340423584,,,,,,,,
7,199799,,,,,,,,,,,0.2972038984298706,,,,,,,,
7,199899,,,,,,,,,,,0.37340062856674194,,,,,,,,
7,199999,,,,,,,,,,,0.20965883135795593,,,,,,,,
7,200099,,,,,,,,,,,0.3149084150791168,,,,,,,,
7,200199,,,,,,,,,,,0.22597044706344604,,,,,,,,
7,200299,,,,,,,,,,,0.37879276275634766,,,,,,,,
7,200399,,,,,,,,,,,0.30323755741119385,,,,,,,,
7,200499,,,,,,,,,,,0.3448581099510193,,,,,,,,
7,200599,,,,,,,,,,,0.34271079301834106,,,,,,,,
7,200699,,,,,,,,,,,0.33558958768844604,,,,,,,,
7,200799,,,,,,,,,,,0.4554600417613983,,,,,,,,
7,200899,,,,,,,,,,,0.5107241272926331,,,,,,,,
7,200999,,,,,,,,,,,0.297174870967865,,,,,,,,
7,201099,,,,,,,,,,,0.6375795602798462,,,,,,,,
7,201199,,,,,,,,,,,0.3838096261024475,,,,,,,,
7,201299,,,,,,,,,,,0.5154632925987244,,,,,,,,
7,201399,,,,,,,,,,,0.41940921545028687,,,,,,,,
7,201499,,,,,,,,,,,0.37119781970977783,,,,,,,,
7,201599,,,,,,,,,,,0.48998570442199707,,,,,,,,
7,201699,,,,,,,,,,,0.39223864674568176,,,,,,,,
7,201799,,,,,,,,,,,0.45993366837501526,,,,,,,,
7,201899,,,,,,,,,,,0.34890449047088623,,,,,,,,
7,201999,,,,,,,,,,,0.3637905418872833,,,,,,,,
7,202099,,,,,,,,,,,0.3014377951622009,,,,,,,,
7,202199,,,,,,,,,,,0.22728943824768066,,,,,,,,
7,202299,,,,,,,,,,,0.606331467628479,,,,,,,,
7,202399,,,,,,,,,,,0.2777637243270874,,,,,,,,
7,202499,,,,,,,,,,,0.49781396985054016,,,,,,,,
7,202599,,,,,,,,,,,0.3429417312145233,,,,,,,,
7,202699,,,,,,,,,,,0.40920180082321167,,,,,,,,
7,202799,,,,,,,,,,,0.46636074781417847,,,,,,,,
7,202879,,,,,,,,,,,,,,0.8427408337593079,0.9207521677017212,0.8776507377624512,0.3658373951911926,0.854388952255249,0.9022146463394165
7,202879,,,,,,,0.8104187250137329,0.8907696008682251,0.852954089641571,0.39365339279174805,,0.8254566192626953,0.8823466897010803,,,,,,
8,202880,0.6732684373855591,0.7039417624473572,0.744091272354126,0.6186311841011047,0.7529807090759277,0.7354092597961426,,,,,,,,,,,,,
